ID,거리 이름,맵 이름,평균 레벨,몬스터 수,젠률,경험치 효율
000020000,메이플로드,달팽이동산,1,8,1.0,24
000040000,메이플로드,작은숲속,1,8,1.0,24
000050000,메이플로드,위험한숲속,1,17,1.6,81
001010000,메이플로드,모험가의 수련장 입구,2,15,1.6,115
001010100,메이플로드,모험가의 수련장1,4,15,1.6,144
001010200,메이플로드,모험가의 수련장2,4,16,1.6,153
001010300,메이플로드,모험가의 수련장3,7,15,1.6,288
001010400,메이플로드,모험가의 수련장4,7,13,1.6,249
003000300,코코섬,코코섬 해안가,1,14,1.0,42
003000301,코코섬,불가사리 해안가 1,1,14,1.0,42
003000302,코코섬,불가사리 해안가 2,1,14,1.0,42
004000013,메이플로드,작은숲속,1,4,1.0,12
004000014,메이플로드,위험한숲속,1,17,1.6,81
004000021,메이플로드,모험가의 수련장 입구,2,15,1.6,115
004000022,메이플로드,모험가의 수련장1,4,15,1.6,144
004000023,메이플로드,모험가의 수련장2,4,16,1.6,153
004000024,메이플로드,모험가의 수련장3,7,15,1.6,288
004000025,메이플로드,모험가의 수련장4,7,13,1.6,249
100010000,헤네시스,헤네시스 북쪽언덕,10,20,1.499998,509
100010001,헤네시스,수상한 언덕,11,20,1.799998,683
100010100,헤네시스,꿈꾸는 오솔길,10,15,1.3,331
100020000,버섯노래숲,포자언덕,10,28,1.499998,713
100020100,버섯노래숲,콧노래 오솔길,11,21,1.2,490
100020101,버섯노래숲,머쉬맘의 오솔길,10,20,1.8,612
100020200,버섯노래숲,바람꽃수풀,12,24,1.599998,841
100020300,버섯노래숲,파란버섯의 숲,14,29,1.399998,993
100020301,버섯노래숲,블루머쉬맘의 숲,14,18,0.9999982,431
100020400,버섯노래숲,파란버섯의 숲2,14,28,1.5,1041
100020401,버섯노래숲,산들바람 숲,14,16,1.999998,787
100030103,유타네 집,뒷마당,7,6,1.5,108
100030300,팜 스트리트,농장 중심지,8,8,1.0,104
100030310,팜 스트리트,큰 오솔길1,7,20,2.0,480
100030320,팜 스트리트,큰 오솔길2,10,27,1.0,501
100040000,골렘사원,골렘의 사원 입구,15,7,1.0,182
100040100,골렘사원,골렘의 사원1,16,15,1.6,672
100040200,골렘사원,골렘의 사원2,18,17,1.7,1098
100040300,골렘사원,골렘의 사원3,19,18,1.4,982
100040400,골렘사원,골렘의 사원4,17,14,1.5,630
100051011,파르템,통통꽃이 피는 숲,13,20,1.8,828
100051012,파르템,독독꽃이 피는 숲,15,20,1.8,936
100051013,파르템,통통독독 숲,14,20,1.8,882
100051021,파르템,향로 토끼의 영역,19,20,1.8,1188
100051022,파르템,토기 토끼의 영역,17,20,1.8,1080
100051025,파르템,위험한 토끼의 영역1,135,28,1.8,309355
100051026,파르템,위험한 토끼의 영역2,135,30,1.8,337689
100051027,파르템,위험한 토끼의 영역3,136,26,1.8,298069
100051031,파르템,나무 숲 벌레의 땅,21,20,1.8,1332
100051032,파르템,돌돌 숲 벌레의 땅,23,20,1.8,1440
100051033,파르템,숲 벌레의 땅 끝자락,22,20,1.8,1386
100051035,파르템,위험한 숲 벌레의 땅1,138,26,1.8,319924
100051036,파르템,위험한 숲 벌레의 땅2,138,26,1.8,326359
100051037,파르템,위험한 숲 벌레의 땅3,139,28,1.8,358394
100051041,파르템,유적 수호자의 길 1,25,22,2.1,2032
100051042,파르템,유적 수호자의 길 2,27,20,2.0,2000
100051050,파르템,위험한 유적 수호자의 길1,140,30,2.1,463176
100051051,파르템,위험한 유적 수호자의 길2,140,42,2.1,658102
100051052,파르템,위험한 유적 수호자의 길3,141,32,2.0,486016
100051060,파르템,위험한 유적 수호자의 길4,142,33,2.0,517374
100051061,파르템,위험한 유적 수호자의 길5,142,42,2.0,670572
100051062,파르템,위험한 유적 수호자의 길6,143,31,2.0,503874
101010000,숲으로가는길,빛나는 숲의 통로,7,17,1.199998,268
101010100,숲으로가는길,숲이 시작하는 곳,8,18,1.199998,291
101020000,솟아오른나무,바람과 가까운 곳,7,21,1.499998,377
101020100,솟아오른나무,새들과 가까운 곳,10,20,1.599998,543
101020200,솟아오른나무,하늘과 가까운 곳,13,13,1.699998,596
101020300,솟아오른나무,솟아오른 나무 정상,15,15,1.199998,557
101020401,동쪽숲,바람이 불어오는 곳,20,55,1.799998,2969
101020402,동쪽숲,새가 지저귀는 곳,20,34,1.799998,1835
101020403,동쪽숲,해가 떠오르는 곳,21,54,1.799998,4276
101020404,동쪽숲,숲이 노래하는 곳,21,45,1.499998,2969
101020405,동쪽숲,나무가 춤추는 곳,26,31,1.799998,2622
101020406,동쪽숲,흙이 잠자는 곳,27,45,1.799998,4049
101020407,동쪽숲,하늘이 미소짓는 곳,28,49,1.799998,4674
101030000,북쪽숲,거대한 나무,26,13,1.699998,1038
101030100,북쪽숲,초록나무줄기,27,11,2.199998,1209
101030101,북쪽숲,나무줄기둥지1,27,18,0.5999981,539
101030200,북쪽숲,북쪽숲공터,28,13,2.299998,1584
101030201,북쪽숲,나무줄기둥지2,28,17,0.5999981,540
101030300,북쪽숲,어린 나무숲,29,12,1.799998,1209
101030500,북쪽숲,숲이 끝나는 곳,29,19,1.999998,2127
101050031,요정의 숲,엘프의 수련장1,10,20,2.0,680
101050032,요정의 숲,엘프의 수련장2,11,17,2.0,646
101050033,요정의 숲,엘프의 수련장3,13,20,2.2,1012
101050200,요정의 숲,피어나는 숲1,7,14,2.0,336
101050300,요정의 숲,피어나는 숲2,7,14,1.9,319
101070100,한여름 밤의 숲,빛나는 호숫길1,30,19,2.0,3268
101070200,한여름 밤의 숲,빛나는 호숫길2,30,25,2.0,4400
101070300,한여름 밤의 숲,빛나는 호숫길3,31,26,1.8,4258
101071000,엘리넬 호수,호수 위 1,32,18,1.8,3142
101071100,엘리넬 호수,호수 위 2,32,29,2.0,5626
101071200,엘리넬 호수,호수 위 3,32,30,2.0,5820
101072200,요정학원 엘리넬,2층 서재,33,21,1.7,3677
101072300,요정학원 엘리넬,2층 복도,33,28,1.5,4326
101072600,요정학원 엘리넬,3층 서재,34,32,1.8,6220
101072700,요정학원 엘리넬,3층 복도,34,15,1.6,2592
101073000,만드라고라 밭,양파 재배지,35,26,2.2,6520
101073010,만드라고라 밭,외딴 숲 재배지 1,35,15,1.9,3249
101073100,만드라고라 밭,순무 재배지,35,22,2.2,5517
101073110,만드라고라 밭,외딴 숲 재배지 2,35,15,1.8,3078
101073300,만드라고라 밭,야외 연극 무대,38,1,1.0,0
101073310,만드라고라 밭,야외 연극 무대,30,1,1.0,72
101081000,엘로딘,숲이 침묵하는 곳,53,30,1.0,6300
101081100,엘로딘,지저귐이 잦아드는 곳,53,25,1.0,5250
101081200,엘로딘,빛이 사그러지는 곳,53,28,1.0,5880
101082100,루엔의 집,1층 복도,53,29,2.7,16443
101082200,루엔의 집,2층 다락방 1,53,29,2.5,15225
101082300,루엔의 집,2층 다락방 2,53,29,2.7,16443
101083000,엘로딘,깊어지는 숲 1,32,28,1.0,2716
101083100,엘로딘,깊어지는 숲 2,42,27,1.0,4088
101083200,엘로딘,깊어지는 숲 3,53,31,1.0,6510
101083300,엘로딘,깊어지는 숲 4,53,24,1.0,5040
101083400,엘로딘,깊어지는 숲 5,53,23,1.0,4830
101084100,엘로딘,빛이 흐르는 숲 2,53,18,1.0,3780
101084200,엘로딘,빛이 흐르는 숲 3,53,26,1.0,5460
101084300,엘로딘,빛이 흐르는 숲 4,53,28,1.0,5880
102010000,남쪽바위산,페리온 남쪽령,15,17,1.099998,486
102010100,남쪽바위산,돌무지 황야,13,24,0.5999981,325
102020000,북쪽바위산,페리온 북쪽령,20,31,1.799998,1952
102020100,북쪽바위산,먼지바람 언덕,20,24,1.999998,1679
102020200,북쪽바위산,작은 바위길,20,14,0.9999982,534
102020300,북쪽바위산,큰 바위길,21,31,1.799998,2491
102020400,북쪽바위산,거친바위 지대,21,29,2.099998,2780
102020500,북쪽바위산,돌풍지대,23,42,2.599998,5345
102030000,불타버린땅,와일드보어의 땅,55,38,2.399998,17054
102030100,불타버린땅,야생돼지의 땅,56,29,1.999998,11425
102030200,불타버린땅,철갑돼지의 땅,57,18,1.299998,4820
102030300,불타버린땅,타오르는 열기,57,20,1.499998,6328
102030400,불타버린땅,재투성이 땅,58,35,2.599998,19564
102040000,유적 발굴지,초기 발굴지역,60,18,1.6,6710
102040100,유적 발굴지,발굴 완료지역,61,21,1.7,8746
102040300,유적 발굴지,발굴 중단지역,62,28,2.799999,20070
102040301,유적 발굴지,제1군영,62,21,2.5,13440
102040400,유적 발굴지,발굴 위험지역,63,28,2.0,14896
102040401,유적 발굴지,제2군영,63,18,2.0,9576
102040500,유적 발굴지,폐쇄지역,64,28,1.6,12454
102040501,유적 발굴지,제3군영,64,22,1.7,10397
102040600,유적 발굴지,미접근 지역,65,19,1.7,9334
103010000,공사장,추락주의,10,32,2.0,1088
103010100,공사장,방치된 공사장,10,18,0.4999999,152
103020100,커닝시티지하철,선로를 따라서,43,23,1.1,3213
103020200,커닝시티지하철,환승구역,43,43,1.0,5553
103020300,커닝시티지하철,1호선 1구간,44,44,1.5,8646
103020310,커닝시티지하철,1호선 2구간,44,76,1.0,10021
103020320,커닝시티지하철,1호선 3구간,45,37,1.1,5453
103020400,커닝시티지하철,2호선 1구간,44,50,1.2,7860
103020410,커닝시티지하철,2호선 2구간,45,45,2.0,12060
103020420,커닝시티지하철,2호선 3구간,45,64,1.5,12864
103030000,늪지대,방황의 늪,45,27,2.6,9406
103030100,늪지대,야생 악어의 늪,46,31,1.8,7756
103030200,늪지대,위험한 크로코,47,29,1.7,7049
103030300,늪지대,보이지 않는 위험,49,37,1.8,16804
103030400,늪지대,깊은 수렁,50,34,2.0,10608
103041100,커닝타워,지하 1층 전자 매장 <1>,146,16,1.8,257126
103041105,커닝타워,지하 1층 전자 매장 <2>,146,25,2.0,446400
103041107,커닝타워,지하 1층 전자 매장 <3>,146,25,2.0,446400
103041110,커닝타워,2층 카페 <1>,147,22,2.0,406448
103041115,커닝타워,2층 카페 <2>,147,31,2.4,701419
103041117,커닝타워,2층 카페 <3>,148,31,2.4,706392
103041119,커닝타워,2층 카페 <4>,155,24,2.4,2129760
103041120,커닝타워,3층 팬시샵 <1>,150,20,1.8,360684
103041125,커닝타워,3층 팬시샵 <2>,150,29,2.0,589646
103041127,커닝타워,3층 팬시샵 <3>,151,28,2.0,576016
103041129,커닝타워,3층 팬시샵 <4>,157,28,2.4,2697609
103041130,커닝타워,4층 음반 매장 <1>,152,19,1.8,369736
103041135,커닝타워,4층 음반 매장 <2>,152,22,1.8,438548
103041137,커닝타워,4층 음반 매장 <3>,153,22,1.8,447242
103041139,커닝타워,4층 음반 매장 <4>,159,23,1.9,1895968
103041140,커닝타워,5층 화장품 매장 <1>,154,22,1.8,468547
103041145,커닝타워,5층 화장품 매장 <2>,154,20,1.8,434826
103041147,커닝타워,5층 화장품 매장 <3>,155,20,1.8,443700
103041149,커닝타워,5층 화장품 매장 <4>,161,19,1.8,1596866
103041150,커닝타워,6층 헤어샵 <1>,155,20,1.8,443700
103041155,커닝타워,6층 헤어샵 <2>,155,25,1.8,554625
103041157,커닝타워,6층 헤어샵 <3>,155,25,1.8,554625
103041159,커닝타워,6층 헤어샵 <4>,162,27,1.9,2486716
103041165,커닝스퀘어,7층 8층 A구역,145,22,2.0,379764
103041167,커닝스퀘어,7층 8층 B구역,145,22,2.0,379764
103041170,커닝타워,2층 카페 <5>,155,24,2.4,2129760
103041171,커닝타워,3층 팬시샵 <5>,157,28,2.4,2697609
103041172,커닝타워,4층 음반 매장 <5>,159,23,1.9,1895968
103041173,커닝타워,5층 화장품 매장 <5>,161,19,1.8,1596866
103041174,커닝타워,6층 헤어샵 <5>,162,27,1.9,2486716
103050310,빅토리아로드,수련장1,20,21,1.3,955
103050340,빅토리아로드,수련장2,25,21,1.3,1201
103050370,빅토리아로드,수련장3,30,20,1.3,1560
103050911,빅토리아로드,수련실1,1,21,1.8,113
103050912,빅토리아로드,수련실2,2,20,1.8,144
103050913,빅토리아로드,수련실3,4,14,1.8,151
104010000,포트로드,리스항구 외곽,1,14,1.2,58
104010100,포트로드,오솔길1,3,17,1.0,100
104010200,포트로드,오솔길2,4,16,1.7,192
104020000,포트로드,여섯갈래길,3,13,1.0,65
105010000,습지,조용한 습지,66,23,1.699998,11808
105010100,습지,축축한 습지,66,21,2.299998,14586
105010300,어두운 동굴,개미굴1,65,50,0.7999982,11559
105010301,어두운 동굴,개미굴2,65,97,1.0,28033
105020000,드레이크의 동굴,빛이 들지 않는 곳,67,23,2.699998,19623
105020100,드레이크의 동굴,동굴 낭떠러지,68,28,1.6,14739
105020200,드레이크의 동굴,차가운 바람,68,25,1.7,13982
105020300,드레이크의 동굴,서늘한 동굴,68,26,1.6,13686
105020400,드레이크의 동굴,동굴의 출구,69,21,1.7,12209
105020401,히든스트리트,동굴의 끝,69,15,1.7,8721
105030100,저주받은신전,신전의 입구,69,8,1.3,3556
105030101,히든스트리트,고요한 정적1,69,10,1.3,4446
105030102,히든스트리트,고요한 정적2,69,11,1.3,4890
105030200,저주받은신전,무너진 신전,70,8,1.3,3692
105030300,저주받은신전,끝없는 복도,70,9,1.2,3834
105030400,저주받은신전,음산한 신전,70,10,1.3,4615
105030500,저주받은신전,금지된 제단,70,8,1.3,3692
105200100,루타비스,동쪽정원,110,15,1.3,643110
105200200,루타비스,서쪽정원,110,16,1.0,527680
105200300,루타비스,남쪽정원,110,15,1.0,494700
105200400,루타비스,북쪽정원,120,15,1.0,582000
105200500,루타비스,동쪽정원 <카오스>,180,15,1.3,780000
105200600,루타비스,서쪽정원 <카오스>,180,15,1.0,600000
105200700,루타비스,남쪽정원 <카오스>,180,15,1.0,600000
105200800,루타비스,북쪽정원 <카오스>,190,15,1.0,675000
105200900,루타비스,방치된 정원,184,23,1.4,478799
105300100,타락한 세계수,하단 줄기로 향하는 길,210,19,1.4,2283555
105300101,타락한 세계수,하단 왼쪽 줄기,210,21,1.7,3035535
105300102,타락한 세계수,하단 줄기 갈림길,210,29,1.5,3748359
105300103,타락한 세계수,하단 오른쪽 줄기,211,21,1.7,3104971
105300200,타락한 세계수,중하단 왼쪽 줄기3,212,23,1.4,2909629
105300201,타락한 세계수,중하단 왼쪽 줄기2,212,27,1.5,3652414
105300202,타락한 세계수,중하단 왼쪽 줄기1,212,25,1.6,3616920
105300203,타락한 세계수,중하단 줄기 갈림길,212,20,2.3,4146738
105300204,타락한 세계수,중하단 오른쪽 줄기1,212,25,1.5,3390862
105300205,타락한 세계수,중하단 오른쪽 줄기2,212,26,1.3,3046951
105300206,타락한 세계수,중하단 오른쪽 줄기3,212,24,1.5,3257124
105300207,타락한 세계수,중상단 왼쪽 줄기2,214,20,1.8,3400848
105300208,타락한 세계수,중상단 왼쪽 줄기1,214,27,1.6,4069574
105300209,타락한 세계수,상단 줄기로 향하는 길,214,24,1.7,3845175
105300210,타락한 세계수,중상단 오른쪽 줄기1,214,29,1.8,4929620
105300211,타락한 세계수,중상단 오른쪽 줄기2,214,22,1.6,3328134
105300300,타락한 세계수,상단 왼쪽 줄기,217,25,2.0,5081712
105300301,타락한 세계수,상단 줄기 갈림길,217,24,2.7,6583474
105300302,타락한 세계수,상단 오른쪽 줄기,217,25,1.9,4811058
106030200,버섯의 성,성 복도1,60,13,1.2,3634
106030201,버섯의 성,성 복도2,61,13,1.2,3822
106030300,버섯의 성,성벽 위1,62,12,1.2,3686
106030301,버섯의 성,성벽 위2,62,18,1.6,7372
106030302,버섯의 성,성벽 위3,62,16,1.4,5734
106030400,버섯의 성,마천루1,63,17,1.6,7235
106030401,버섯의 성,마천루2,63,15,1.4,5586
106030402,버섯의 성,마천루3,63,15,1.4,5586
106030500,바이킹 비행선,갑판1,64,12,1.3,4336
106030501,바이킹 비행선,갑판2,64,12,1.4,4670
106030502,바이킹 비행선,돛,64,16,1.8,8006
106030700,바이킹 비행선,노예실,65,11,1.3,4132
120000400,해안가,리본돼지 해안가,11,19,1.499998,565
120010000,방목지,돼지 방목장,8,14,1.0,193
120010100,방목지,해안으로 가는 길,8,16,1.0,227
120040100,골드비치,해변가 풀숲1,35,11,1.9,1985
120040200,골드비치,해변가 풀숲2,35,16,2.0,3040
120040300,골드비치,해변가 풀숲3,35,16,2.0,3040
120041000,골드비치,골드비치 해변1,36,14,1.8,2520
120041100,골드비치,골드비치 해변2,36,17,2.0,3400
120041200,골드비치,골드비치 해변3,37,17,2.2,3852
120041300,골드비치,얕은 바다1,38,15,2.0,3210
120041400,골드비치,얕은 바다2,38,14,2.0,2996
120041500,골드비치,얕은 바다3,39,17,1.7,3236
120041600,골드비치,약한 파도1,40,17,2.5,4887
120041700,골드비치,약한 파도2,41,18,2.1,4498
120041800,골드비치,거친 파도,42,14,1.9,3298
130010000,퀸스로드,수련의 숲1,1,15,1.0,57
130010010,퀸스로드,티노의 숲,1,10,2.0,60
130010020,퀸스로드,티브의 숲,3,13,2.0,130
130010100,퀸스로드,수련의 숲2,5,20,1.0,184
130010110,퀸스로드,티무의 숲,5,14,2.0,224
130010120,퀸스로드,티루의 숲,7,15,2.0,360
130010200,퀸스로드,수련의 숲3,9,8,1.0,120
130010210,퀸스로드,티구르의 숲,9,11,2.0,330
130030002,퀸스로드,시작의 숲3,1,4,1.0,12
130030003,퀸스로드,시작의 숲4,3,5,1.0,25
130030004,퀸스로드,시작의 숲5,2,4,1.0,18
140010100,스노우 아일랜드,리엔 수련장 입구,1,3,1.0,9
140010200,스노우 아일랜드,얼음 벌판,9,13,1.0,195
140020000,스노우 아일랜드,눈 덮인 벌판1,3,21,1.5,157
140020100,스노우 아일랜드,눈 덮인 벌판2,5,12,1.5,144
140020200,스노우 아일랜드,눈 덮인 벌판3,7,18,1.5,324
140090300,스노우 아일랜드,차가운 숲3,1,4,1.0,12
141010100,리에나 해협,화석 출몰 지역 1,51,15,1.7,4947
141010200,리에나 해협,화석 출몰 지역 2,51,15,1.7,4947
141010300,리에나 해협,화석 출몰 지역 3,51,15,1.7,4947
141010400,리에나 해협,길 잃은 노라,51,15,2.0,5820
141020100,리에나 해협,빙하 오염 지역 1,52,16,2.0,6464
141020200,리에나 해협,빙하 오염 지역 2,52,12,2.2,5332
141020300,리에나 해협,빙하 오염 지역 3,52,16,2.0,6464
141030100,리에나 해협,수상한 해저 동굴 1,53,15,1.3,4095
141030200,리에나 해협,수상한 해저 동굴 2,53,11,1.3,3003
141030300,리에나 해협,수상한 해저 동굴 3,53,10,1.3,2730
141050100,리에나 해협,빙하가 녹는 곳,54,14,1.9,5772
141050200,리에나 해협,빙하가 부서지는 곳,54,19,2.2,9070
141050300,리에나 해협,빙하 수송선,55,1,1.0,4960
150010411,크리스탈 가든,수련장1,10,19,1.8,581
150010412,크리스탈 가든,수련장2,15,19,2.0,988
180000101,빅토리아로드,엘리니아,10,6,2.999999,305
180000107,빅토리아로드,엘리니아,110,4,2.999999,36707
180000108,빅토리아로드,엘리니아,211,4,2.999999,3046459
190000000,프리미엄로드,또다른사원,10,34,1.2,734
190000001,프리미엄로드,숨쉬는사원1,14,18,1.0,446
190000002,프리미엄로드,숨쉬는사원2,14,21,1.1,569
191000000,프리미엄로드,원숭이의숲,27,78,1.1,5253
191000001,프리미엄로드,나무던전,10,57,0.9999982,998
192000000,프리미엄로드,메마른바위산,41,45,1.099998,6414
192000001,프리미엄로드,메마른바위산2,47,48,1.199998,9153
195000000,프리미엄로드,위험한개미굴,37,76,1.0,11244
195010000,프리미엄로드,이블아이의굴,26,32,0.5999981,902
195020000,프리미엄로드,빛을잃은동굴,42,70,1.1,11602
195030000,프리미엄로드,카고사냥터,45,28,1.1,5447
196000000,프리미엄로드,싸늘한 언덕,50,23,1.0,3039
196010000,프리미엄로드,싸늘한 절벽,80,16,0.8,9520
197000000,프리미엄로드,바람테라스1,97,32,1.1,57787
197010000,프리미엄로드,바람테라스2,112,30,1.1,94743
200010000,스카이로드,구름공원1,72,28,1.3,15198
200010100,스카이로드,세가지빛정원으로가는길,70,21,0.9,6709
200010110,스카이로드,붉은빛의정원1,70,22,1.8,14058
200010111,스카이로드,붉은빛의정원2,71,52,2.5,49660
200010120,스카이로드,노란빛의정원1,70,22,1.7,13277
200010121,스카이로드,노란빛의정원2,71,66,2.5,63030
200010130,스카이로드,푸른빛의정원1,70,23,1.7,13880
200010131,스카이로드,푸른빛의정원2,71,66,2.5,63030
200010200,스카이로드,하늘계단1,71,28,1.5,16044
200010300,스카이로드,하늘계단2,73,8,0.4999999,1731
200010301,스카이로드,검은빛의정원1,72,48,2.5,48960
200010302,스카이로드,검은빛의정원2,73,54,2.5,58455
200020000,스카이로드,구름공원2,74,60,2.5,68700
200030000,스카이로드,산책로,75,22,1.2,12777
200040000,스카이로드,구름공원3,74,29,1.7,22579
200040001,스카이로드,버려진화원,75,30,1.5,21780
200050000,스카이로드,구름공원4,74,36,1.9,31327
200060000,스카이로드,산책로2,75,58,2.5,70180
200070000,스카이로드,구름공원5,74,72,2.5,82440
200080000,스카이로드,구름공원6,74,28,1.8,23083
200080200,오르비스탑,오르비스탑<20층>,76,20,1.5,16050
200080300,오르비스탑,오르비스탑<19층>,76,25,1.4,18725
200080400,오르비스탑,오르비스탑<18층>,76,21,1.4,15728
200080500,오르비스탑,오르비스탑<17층>,76,28,1.5,22470
200080600,오르비스탑,오르비스탑<16층>,76,16,2.0,17120
200081400,오르비스탑,오르비스탑<8층>,76,27,1.0,14445
200081500,오르비스탑,오르비스탑<7층>,76,33,1.3,22951
200081600,오르비스탑,오르비스탑<6층>,77,29,1.5,25404
200081700,오르비스탑,오르비스탑<5층>,77,32,1.3,24294
200081800,오르비스탑,오르비스탑<4층>,77,28,1.3,21257
200081900,오르비스탑,오르비스탑<3층>,77,34,1.3,25812
200082000,오르비스탑,오르비스탑<2층>,77,30,1.0,17520
200082100,오르비스탑,오르비스탑<1층>,77,30,1.6,28032
200082300,오르비스탑,오르비스탑<지하2층>,78,19,1.0,12065
211000200,엘나스산맥,눈 덮인 언덕,77,28,1.2,19622
211010000,엘나스산맥,빙판조심1,78,14,1.2,10668
211020000,엘나스산맥,빙판조심2,78,20,1.2,15240
211030000,엘나스산맥,차가운벌판1,79,27,1.3,24008
211040000,엘나스산맥,차가운벌판2,79,21,1.2,17236
211040001,히든스트리트,왕관을휘날리며,79,22,1.2,18057
211040100,엘나스산맥,얼음골짜기1,80,18,1.7,23052
211040101,히든스트리트,설인의 골짜기,117,10,1.7,56763
211040200,엘나스산맥,얼음골짜기2,81,12,1.4,13104
211040500,폐광,날카로운절벽3,120,14,1.4,106075
211040600,폐광,날카로운절벽4,121,16,1.4,124588
211040700,폐광,위험한절벽,122,12,1.4,63974
211040800,폐광,늑대의영역1,122,16,1.4,85299
211040900,폐광,늑대의영역2,123,13,1.4,71162
211041000,폐광,늑대의영역3,123,12,1.4,65688
211041100,폐광,죽은나무의숲1,124,26,0.8,83449
211041200,폐광,죽은나무의숲2,124,24,1.5,144432
211041300,폐광,죽은나무의숲3,124,18,0.8,57772
211041400,폐광,죽은나무의숲4,124,25,1.2,120360
211041500,폐광,폐광1,132,29,2.1,992426
211041600,폐광,폐광2,132,38,2.1,1300420
211041700,폐광,폐광3,132,36,2.1,1231977
211041800,폐광,폐광4,132,35,2.1,1197756
211041900,폐광,통로,122,15,0.4999999,23804
211042000,폐광,시련의 동굴1,132,30,2.899999,1417751
211042100,폐광,시련의 동굴2,134,26,2.599999,1202322
211042101,폐광,동굴 속 동굴,51,15,0.8,1944
211042200,폐광,시련의 동굴3,136,41,1.7,1331757
211050000,엘나스산맥,차디찬벌판,80,23,1.4,23570
211060100,사자왕의 성,성벽 아래1,115,13,1.8,61401
211060201,사자왕의 성,첫번째 탑루,115,5,1.0,17970
211060300,사자왕의 성,성벽 아래2,118,13,1.8,66573
211060401,사자왕의 성,두번째 탑루,117,6,1.0,10260
211060410,사자왕의 성,낮은 성벽1,125,13,1.7,75780
211060500,사자왕의 성,성벽 아래3,120,14,1.4,58937
211060601,사자왕의 성,세번째 탑루,117,7,1.0,12047
211060610,사자왕의 성,낮은 성벽2,125,12,1.4,57607
211060620,사자왕의 성,높은 성벽1,127,9,1.5,49032
211060700,사자왕의 성,성벽 아래4,122,15,1.6,76176
211060810,사자왕의 성,낮은 성벽3,125,11,1.4,52806
211060820,사자왕의 성,높은 성벽2,127,10,1.5,54480
211060830,사자왕의 성,아주 높은 성벽,127,10,1.5,54480
211060900,사자왕의 성,성벽 아래5,122,13,1.3,53640
211080100,장미정원,버려진 정원,128,19,1.2,86776
211080200,장미정원,영혼이 묶인 곳,130,21,1.2,104907
211080300,장미정원,성벽의 끝자락,132,21,1.2,114080
211080400,장미정원,숨겨진 정원1,130,19,1.2,341726
211080500,장미정원,숨겨진 정원2,132,21,1.2,410659
211080600,장미정원,숨겨진 정원3,134,21,1.2,446871
220010000,루디브리엄성,구름테라스<5>,113,9,1.7,45333
220010100,루디브리엄성,구름테라스<4>,112,13,1.6,59716
220010200,루디브리엄성,구름테라스<3>,113,11,1.6,52148
220010300,루디브리엄성,구름테라스<2>,112,12,1.6,55123
220010400,루디브리엄성,구름테라스<1>,112,13,1.6,59716
220010500,루디브리엄성,테라스홀,112,16,1.6,73497
220010600,루디브리엄성,하늘테라스<1>,112,11,1.7,53687
220010700,루디브리엄성,하늘테라스<2>,112,10,1.7,48807
220010800,루디브리엄성,하늘테라스<3>,113,15,1.7,75556
220010900,루디브리엄성,하늘테라스<4>,112,9,1.6,41342
220011000,루디브리엄성,하늘테라스<5>,113,12,1.8,64000
220020000,루디브리엄성,장난감공장<1공정>1구역,113,14,2.4,101544
220020100,루디브리엄성,장난감공장<1공정>2구역,113,13,2.2,84741
220020200,루디브리엄성,장난감공장<1공정>3구역,113,18,2.5,133335
220020300,루디브리엄성,장난감공장<메인공정1>,113,15,2.2,97779
220020400,루디브리엄성,장난감공장<1공정>5구역,113,11,2.6,84741
220020500,루디브리엄성,장난감공장<1공정>6구역,113,11,2.2,71704
220020600,루디브리엄성,장난감공장<기계실>,113,13,1.2,46554
220030000,루디브리엄성,장난감공장<2공정>1구역,114,12,1.5,54990
220030100,루디브리엄성,장난감공장<2공정>2구역,114,19,1.6,92872
220030200,루디브리엄성,장난감공장<메인공정2>,114,12,1.5,54990
220030300,루디브리엄성,장난감공장<2공정>4구역,114,12,1.6,58656
220030400,루디브리엄성,장난감공장<2공정>5구역,114,15,1.5,68737
220040000,루디브리엄성,시간의길<1>,115,22,2.0,138512
220040100,루디브리엄성,시간의길<2>,115,37,1.9,221304
220040200,루디브리엄성,시간의갈림길,114,36,1.9,208962
220040300,루디브리엄성,시간의길<3>,115,42,2.0,264432
220040400,루디브리엄성,시간의길<4>,115,26,1.7,139141
220050000,루디브리엄성,잃어버린시간<1>,115,29,1.7,155196
220050100,루디브리엄성,시간의소용돌이,114,38,1.8,208962
220050200,루디브리엄성,잃어버린시간<2>,115,32,1.8,181324
220060000,시계탑최하층,뒤틀린 시간의 길<1>,115,34,1.4,455918
220060100,시계탑최하층,뒤틀린 시간의 길<2>,116,27,1.4,371788
220060200,시계탑최하층,뒤틀린 시간의 길<3>,118,24,1.5,368712
220060201,히든스트리트,삐뚤어진 시간,119,21,1.2,265356
220060300,시계탑최하층,뒤틀린 시간의 길<4>,119,16,1.2,202176
220060301,히든스트리트,꼬여버린 시간,120,26,1.3,365851
220060400,시계탑최하층,뒤틀린 회랑,120,19,1.9,390746
220070000,시계탑최하층,잊혀진 시간의 길<1>,115,40,1.4,534450
220070100,시계탑최하층,잊혀진 시간의 길<2>,116,30,1.4,412650
220070200,시계탑최하층,잊혀진 시간의 길<3>,118,28,1.4,401486
220070201,히든스트리트,사라진 시간,119,17,1.1,196911
220070300,시계탑최하층,잊혀진 시간의 길<4>,119,26,1.3,365851
220070301,히든스트리트,금지된 시간,120,18,1.1,214315
220070400,시계탑최하층,잊혀진 회랑,122,19,1.6,347289
221020000,에오스탑,에오스탑 1층,97,7,1.2,12440
221020100,에오스탑,에오스탑 2층,97,7,1.2,12440
221020200,에오스탑,에오스탑 3층,97,9,1.2,15994
221020300,에오스탑,에오스탑 4층,96,7,1.2,12342
221020400,에오스탑,에오스탑 5층,96,12,1.2,20982
221020500,에오스탑,에오스탑 6층,96,10,1.2,17280
221020600,에오스탑,에오스탑 7층,96,11,1.2,19008
221020700,에오스탑,에오스탑 8층,96,10,1.2,17280
221020701,히든스트리트,숨겨진 탑,96,28,0.9,47910
221020800,에오스탑,에오스탑 9층,94,32,1.4,60838
221020900,에오스탑,에오스탑 10층,94,27,1.2,43999
221021100,에오스탑,에오스탑 31층,94,27,1.2,43999
221021200,에오스탑,에오스탑 32층,96,16,1.5,34560
221021300,에오스탑,에오스탑 33층,95,22,1.5,46843
221021400,에오스탑,에오스탑 34층,95,19,1.5,39871
221021500,에오스탑,에오스탑 35층,94,27,1.2,43999
221021700,에오스탑,에오스탑 66층,94,31,1.2,50517
221021800,에오스탑,에오스탑 67층,94,20,1.2,32592
221021900,에오스탑,에오스탑 68층,94,19,1.2,30962
221022000,에오스탑,에오스탑 69층,94,35,1.2,57036
221022100,에오스탑,에오스탑 70층,94,32,1.2,52147
221022300,에오스탑,에오스탑 91층,94,34,1.4,64640
221022400,에오스탑,에오스탑 92층,94,36,1.4,68443
221022500,에오스탑,에오스탑 93층,93,18,1.2,28425
221022600,에오스탑,에오스탑 94층,93,15,1.2,23688
221022700,에오스탑,에오스탑 95층,93,20,1.3,34216
221022800,에오스탑,에오스탑 96층,93,18,1.3,30794
221022900,에오스탑,에오스탑 97층,93,12,1.3,20529
221023000,에오스탑,에오스탑 98층,93,20,1.4,36848
221023100,에오스탑,에오스탑 99층,93,23,1.3,39348
221023200,에오스탑,에오스탑 100층,93,24,1.4,44217
221030100,루더스호수,로스웰초원1,165,16,1.9,544464
221030200,루더스호수,로스웰초원2,166,17,1.9,603029
221030300,루더스호수,로스웰초원3,167,20,1.9,725192
221030400,루더스호수,로스웰초원4,166,16,1.9,564539
221030510,UFO 내부,복도 101,169,29,2.0,1176240
221030530,UFO 내부,복도 103,171,23,2.0,992634
221030610,UFO 내부,복도 202,175,21,2.0,1015266
221030620,UFO 내부,복도 203,174,23,2.0,1090358
221030630,UFO 내부,복도 204,173,21,2.0,958566
221030640,UFO 내부,복도 H01,178,20,1.7,2668218
221030650,UFO 내부,복도 H02,178,15,1.7,2044462
221030660,UFO 내부,복도 H03,180,16,1.7,2250038
221030710,UFO 내부,환풍구 D-2,176,28,2.2,1531314
221030720,UFO 내부,환풍구 D-3,176,31,2.0,1559250
221030730,UFO 내부,환풍구 D-4,177,19,2.0,970938
221030800,UFO 내부,조종간1,179,18,2.0,967104
221030810,UFO 내부,조종간2,178,22,2.0,1166506
221030820,UFO 내부,조종간3,178,18,2.0,941724
222110000,판타스틱 테마파크,퍼니 스테이션<1>,121,23,2.2,187624
222110100,판타스틱 테마파크,퍼니 스테이션<2>,121,38,2.2,309988
222110200,판타스틱 테마파크,퍼니 스테이션<3>,122,18,2.0,137088
222120000,판타스틱 테마파크,익스트림 스테이션<1>,122,18,1.0,68544
222120100,판타스틱 테마파크,익스트림 스테이션<2>,122,13,2.0,99008
222120200,판타스틱 테마파크,익스트림 스테이션<3>,123,31,2.5,303025
222130000,판타스틱 테마파크,판타지 스테이션<1>,123,14,1.8,98532
222130100,판타스틱 테마파크,판타지 스테이션<2>,123,14,2.2,120428
222130200,판타스틱 테마파크,판타스틱 애니멀쇼<입구>,123,9,1.3,45747
224000100,아랫마을,까막산 입구,130,18,2.0,179856
224000101,아랫마을,까막산 기슭,131,17,2.0,200304
224000102,아랫마을,옹달샘,132,22,2.0,286792
224000110,아랫마을,작은 연못가,133,15,2.0,185828
224000111,아랫마을,호랑이의 숲1,134,17,2.0,200974
224000112,아랫마을,호랑이의 숲2,134,19,1.8,205833
224000120,아랫마을,호랑이 고개,135,15,2.0,184140
224000121,아랫마을,까막산 골짜기,135,20,2.0,248754
224000130,아랫마을,여우 고개,136,20,2.0,254760
224000131,아랫마을,달 고개,136,19,2.0,220282
224000140,아랫마을,도깨비 산마루,137,22,2.0,232408
224000141,아랫마을,깊은 산 흉가,138,12,2.0,167364
224000142,아랫마을,도깨비집,140,12,2.0,176448
230010000,아쿠아로드,바다 나들목,78,33,2.0,41910
230010001,히든스트리트,펭귄들의 놀이터,78,19,1.9,22923
230010100,아쿠아로드,수정 협곡,79,38,2.0,51984
230010200,아쿠아로드,붉은 산호 숲,79,31,1.8,38167
230010300,아쿠아로드,소라껍질 언덕,80,26,1.8,34257
230010400,아쿠아로드,서쪽 바다 갈림길,80,15,1.6,17568
230020000,아쿠아로드,동쪽 바다 갈림길,78,12,1.2,9144
230020100,아쿠아로드,바다 해초 탑,77,37,1.8,39904
230020101,히든스트리트,숨겨진 마을,77,26,1.8,27331
230020200,아쿠아로드,모래성 놀이터,77,36,1.9,39945
230020300,아쿠아로드,빅 피쉬 골짜기,77,40,2.0,46720
230030000,아쿠아로드,푸른 해초길,76,33,2.0,35310
230030001,히든스트리트,물고기 쉼터,76,19,1.8,18297
230030100,아쿠아로드,버섯 산호 구릉,75,40,2.0,41984
230030200,아쿠아로드,뾰족한 사각지대,75,34,1.8,30263
230040100,아쿠아로드,깊은 바다 협곡2,107,16,1.5,49320
230040300,아쿠아로드,위험한 바다 협곡2,108,34,1.0,73824
230040420,아쿠아로드,피아누스의 동굴,110,2,1.0,2200000
240010000,미나르숲,리프레 서쪽 숲,103,16,1.8,51523
240010100,미나르숲,미나르숲 서쪽 경계,104,29,1.8,96987
240010101,히든스트리트,털복숭이의 숲,103,36,2.3,152890
240010200,미나르숲,심술쟁이의 숲,104,22,1.9,78728
240010300,미나르숲,가파른 언덕,105,19,2.0,72732
240010400,미나르숲,숲의 갈림길,108,17,2.2,78988
240010500,미나르숲,산양의 골짜기1,109,16,2.0,69888
240010510,미나르숲,산양의 골짜기2,109,19,1.9,236527
240010520,미나르숲,하늘 둥지3,107,21,1.6,207144
240010600,미나르숲,하늘 둥지2,107,14,1.3,112203
240010700,미나르숲,하늘 둥지1,106,11,2.0,43932
240010800,미나르숲,하늘 둥지 입구,106,21,2.4,99993
240010900,미나르숲,미나르숲 동쪽 경계,104,21,2.4,93643
240010901,히든스트리트,투구벌레의 숲,103,21,1.5,58113
240011000,미나르숲,리프레 동쪽 숲,103,15,2.0,53670
240020000,미나르숲,붉은 켄타우로스의 영역,110,14,1.2,45544
240020100,미나르숲,불과 어둠의 전장,110,24,1.5,97596
240020101,미나르숲,그리프의 숲,110,7,0.8,23812
240020102,미나르숲,그리프의 숲,110,7,0.8,23812
240020200,미나르숲,검은 켄타우로스의 영역,110,13,1.8,190312
240020210,미나르숲,어둠과 불의 전장,110,24,1.2,234230
240020300,미나르숲,물과 어둠의 전장,110,25,1.7,345652
240020400,미나르숲,푸른 켄타우로스의 영역,110,22,2.0,119284
240020401,미나르숲,마뇽의 숲,110,7,0.8,23812
240020402,미나르숲,마뇽의 숲,110,7,0.8,23812
240020500,미나르숲,불과 물의 전장,110,19,1.8,92716
240030000,미나르숲,용의 숲 입구,127,14,1.4,71187
240030100,미나르숲,용의 숲1,128,19,1.2,86776
240030101,미나르숲,불타는 숲,136,10,1.3,68991
240030102,미나르숲,사라진 숲,142,14,1.3,118900
240030103,히든스트리트,숨겨진 용의 무덤1,136,15,1.6,127368
240030104,히든스트리트,숨겨진 용의 무덤2,142,19,1.6,198603
240030200,미나르숲,용의 숲2,131,15,1.3,84708
240030300,미나르숲,용의 숲3,133,10,1.4,66318
240040000,미나르숲,용의 협곡,134,8,1.2,48672
240040100,미나르숲,협곡의 갈림길,135,12,1.3,81338
240040200,미나르숲,협곡의 동쪽길,141,13,1.4,115169
240040210,히든스트리트,블루 와이번의 둥지,137,12,1.3,85831
240040300,미나르숲,협곡의 서쪽길,141,19,1.3,562715
240040310,히든스트리트,레드 와이번의 둥지,134,9,1.2,53200
240040320,미나르숲,검은 와이번의 둥지,141,20,1.3,592332
240040400,미나르숲,와이번의 협곡,137,15,1.4,117291
240040401,히든스트리트,레비아탄의 협곡,138,17,1.6,157462
240040500,미나르숲,용의 둥지 입구,141,6,1.5,56952
240040510,미나르숲,죽은 용의 둥지,149,23,1.8,1243350
240040511,미나르숲,남겨진 용의 둥지1,150,17,1.8,945723
240040512,미나르숲,남겨진 용의 둥지2,150,19,1.8,1067698
240040521,미나르숲,위험한 용의 둥지,150,11,1.4,128574
240040600,미나르숲,큰 둥지 봉우리,150,11,1.6,151585
240040800,히든스트리트,부활하는 기억,150,17,1.5,218908
240050100,생명의동굴,미로방,100,6,1.0,8004
240050101,생명의동굴,첫번째 미로방,105,7,1.0,10465
240050102,생명의동굴,두번째 미로방,97,7,1.0,8638
240050103,생명의동굴,세번째 미로방,101,7,1.0,9569
240050104,생명의동굴,네번째 미로방,103,7,1.0,10017
240050105,생명의동굴,다섯번째 미로방,110,5,1.0,8245
240050300,생명의동굴,빛의 동굴,110,21,1.0,35169
240050310,생명의동굴,어둠의 동굴,105,8,1.0,11960
240080100,리프레,천공 지역 1,103,40,2.999999,429359
240080200,리프레,천공 지역 2,104,39,2.999999,466286
240090100,암벽 거인 탐사 현장,탐사 현장 서쪽 길 1,152,13,2.799999,393520
240090200,암벽 거인 탐사 현장,탐사 현장 서쪽 길 2,152,12,2.799999,371347
240090300,암벽 거인 탐사 현장,탐사 현장 서쪽 길 3,153,18,2.6,528512
240090400,암벽 거인 탐사 현장,탐사 현장 위험한 길,154,14,3.299999,546592
240090500,암벽 거인 탐사 현장,탐사 현장 동쪽 길 1,155,14,3.099999,534861
240090600,암벽 거인 탐사 현장,탐사 현장 동쪽 길 2,155,15,2.799999,528466
240090700,암벽 거인 탐사 현장,탐사 현장 동쪽 길 3,156,18,2.5,579510
240091100,암벽 거인에게 가는 길,벌떼의 서식지 1,157,14,3.299999,618202
240091200,암벽 거인에게 가는 길,벌떼의 서식지 2,157,14,3.499999,667596
240091300,암벽 거인에게 가는 길,벌떼의 서식지 3,158,14,2.899999,576743
240091400,암벽 거인에게 가는 길,벌떼의 본거지,159,23,2.7,2694270
240092200,암벽 거인의 몸,암벽 거인의 몸 위 1,160,14,2.5,526435
240092300,암벽 거인의 몸,암벽 거인의 몸 위 2,160,17,3.299999,855858
240092400,암벽 거인의 몸,암벽 거인의 몸 위 3,161,18,3.299999,924441
240093000,암벽 거인의 내부,암벽 거인의 몸 속 1,162,18,2.1,610772
240093100,암벽 거인의 내부,암벽 거인의 몸 속 2,162,15,2.1,522860
240093200,암벽 거인의 내부,암벽 거인의 몸 속 3,163,15,2.2,553047
240093300,암벽 거인의 내부,암벽 거인의 심장,165,1,1.0,462800
240093310,암벽 거인의 내부,암벽 거인의 심장,165,1,1.5,694200
241000201,킹덤로드,깊어지는 비극의 숲5,180,12,3.299999,1091930
241000202,킹덤로드,깊어지는 비극의 숲4,179,15,3.299999,1329767
241000203,킹덤로드,깊어지는 비극의 숲3,178,15,2.899999,1137916
241000204,킹덤로드,깊어지는 비극의 숲2,177,17,2.899999,1259663
241000205,킹덤로드,깊어지는 비극의 숲1,176,16,2.899999,1153457
241000206,킹덤로드,타락한 마력의 숲2,181,18,1.8,933120
241000207,킹덤로드,작열의 숲1,176,18,2.899999,1313693
241000208,킹덤로드,작열의 숲2,178,22,2.899999,1711979
241000211,킹덤로드,시작되는 비극의 숲5,174,16,2.899999,1090167
241000212,킹덤로드,시작되는 비극의 숲4,173,14,2.899999,926613
241000213,킹덤로드,시작되는 비극의 숲3,172,17,2.899999,1096333
241000214,킹덤로드,시작되는 비극의 숲2,171,17,2.899999,1063844
241000215,킹덤로드,시작되는 비극의 숲1,170,18,2.899999,1092389
241000216,킹덤로드,타락한 마력의 숲1,175,19,2.6,1194146
241000217,킹덤로드,빙점의 숲1,170,18,2.899999,1109406
241000218,킹덤로드,빙점의 숲2,173,17,2.899999,1126687
241000221,킹덤로드,끝나지 않는 비극의 숲5,186,18,2.899999,1834777
241000222,킹덤로드,끝나지 않는 비극의 숲4,185,18,2.899999,1767230
241000223,킹덤로드,끝나지 않는 비극의 숲3,184,17,2.899999,1605651
241000224,킹덤로드,끝나지 않는 비극의 숲2,183,19,2.899999,1724684
241000225,킹덤로드,끝나지 않는 비극의 숲1,182,19,2.899999,1655478
241000226,킹덤로드,타락한 마력의 숲3,187,28,2.6,2654360
241000227,킹덤로드,암흑의 숲1,182,17,2.899999,1513999
241000228,킹덤로드,암흑의 숲2,184,27,2.899999,2647301
241010201,킹덤로드,깊어지는 비극의 숲5,182,15,1.6,24000000
241010202,킹덤로드,깊어지는 비극의 숲4,182,20,1.6,32000000
241010203,킹덤로드,깊어지는 비극의 숲3,182,18,1.6,28800000
241010204,킹덤로드,깊어지는 비극의 숲2,182,18,1.6,28800000
241010205,킹덤로드,깊어지는 비극의 숲1,182,16,1.6,25600000
241010206,킹덤로드,타락한 마력의 숲2,182,8,1.6,12800000
241010207,킹덤로드,작열의 숲1,182,11,1.6,17600000
241010208,킹덤로드,작열의 숲2,182,11,1.6,17600000
241010211,킹덤로드,시작되는 비극의 숲5,182,15,1.6,24000000
241010212,킹덤로드,시작되는 비극의 숲4,182,17,1.6,27200000
241010213,킹덤로드,시작되는 비극의 숲3,182,16,1.6,25600000
241010214,킹덤로드,시작되는 비극의 숲2,182,16,1.6,25600000
241010215,킹덤로드,시작되는 비극의 숲1,182,18,1.6,28800000
241010216,킹덤로드,타락한 마력의 숲1,182,8,1.6,12800000
241010217,킹덤로드,빙점의 숲1,182,11,1.6,17600000
241010218,킹덤로드,빙점의 숲2,182,11,1.6,17600000
241010221,킹덤로드,끝나지 않는 비극의 숲5,182,16,1.6,25600000
241010222,킹덤로드,끝나지 않는 비극의 숲4,182,16,1.6,25600000
241010223,킹덤로드,끝나지 않는 비극의 숲3,182,16,1.6,25600000
241010224,킹덤로드,끝나지 않는 비극의 숲2,182,14,1.6,22400000
241010225,킹덤로드,끝나지 않는 비극의 숲1,182,18,1.6,28800000
241010226,킹덤로드,타락한 마력의 숲3,182,9,1.6,14400000
241010227,킹덤로드,암흑의 숲1,182,11,1.6,17600000
241010228,킹덤로드,암흑의 숲2,182,11,1.6,17600000
250010000,무릉도원,하늘 숲 입구,136,19,1.8,217819
250010100,무릉도원,하늘 숲 오솔길,137,24,1.7,269402
250010200,무릉도원,하늘 숲 깊은 곳,137,72,2.5,1188540
250010300,무릉도원,꽃뱀의 영토,137,21,1.7,235727
250010301,무릉도원,야생곰의 영토1,138,53,2.5,905770
250010302,무릉도원,야생곰의 영토2,138,72,2.5,1230480
250010303,무릉도원,야생곰의 영토3,138,62,2.5,1059580
250010304,무릉도원,떠돌이곰의 영토,138,14,1.7,162696
250010400,무릉도원,하늘 숲이 끝나는 곳,137,65,2.5,1072987
250010500,무릉도원,천도 과수원1,138,31,1.2,254299
250010501,무릉도원,안개 낀 숲,138,58,2.5,991220
250010502,무릉도원,선인의 숲,138,25,1.9,324710
250010503,무릉도원,요괴의 숲,138,64,2.5,1093760
250010504,히든스트리트,요괴의 숲2,138,12,1.8,147657
250010600,무릉도원,천도 과수원2,138,76,2.5,1298840
250010700,무릉도원,천도 과수원3,138,60,2.5,1025400
250020000,무릉사원,초급 수련장,136,11,1.2,84070
250020100,무릉사원,하급 수련장,136,15,1.8,171963
250020200,무릉사원,중급 수련장,136,28,1.8,320997
250020300,무릉사원,상급 수련장,136,21,1.8,240748
251010000,무릉도원,10년 된 약초밭,139,74,2.5,1315535
251010100,무릉도원,50년 된 약초밭,139,13,1.8,166397
251010101,히든스트리트,60년 된 약초밭,139,20,1.8,255996
251010102,히든스트리트,80년 된 약초밭,139,13,1.8,166397
251010200,무릉도원,100년 된 약초밭,139,69,2.5,1226647
251010300,무릉도원,도라지골,139,56,2.5,995540
251010400,무릉도원,오래된 습지,140,21,1.5,231588
251010401,무릉도원,빨간코 해적단 소굴1,140,17,1.2,149980
251010402,무릉도원,빨간코 해적단 소굴2,140,21,1.2,187884
251010403,무릉도원,빨간코 해적단 소굴3,140,18,1.7,229908
251010500,무릉도원,외딴 습지,140,60,2.5,1102800
252010000,황금사원,수행자의 숲1,132,18,2.5,244440
252010100,황금사원,수행자의 숲2,133,16,2.4,218304
252010200,황금사원,수행자의 숲3,134,18,2.6,281356
252010300,황금사원,수행자의 숲4,134,17,2.2,226065
252020100,황금사원,수호자의 방1,136,14,2.3,205081
252020200,황금사원,수호자의 방2,136,14,2.3,205081
252020300,황금사원,시련자의 방1,136,16,2.0,203808
252020400,황금사원,시련자의 방2,136,17,2.0,216546
252020500,황금사원,수도자의 방1,137,21,2.2,305058
252020600,황금사원,수도자의 방2,137,19,2.2,276005
252020700,황금사원,고난자의 방,138,23,1.6,251564
252030100,황금사원,라바나의 황금 제단,140,1,1.0,186430
260010000,버닝로드,아리안트 서문 밖,86,16,1.9,30764
260010001,히든스트리트,어린 카투스 사막,86,7,1.3,9209
260010100,버닝로드,선인장 사막1,87,35,2.4,88704
260010200,버닝로드,선인장 사막2,87,36,1.6,60825
260010201,히든스트리트,로얄 카투스 사막,87,10,1.2,12672
260010300,버닝로드,흰 바위 사막,88,40,2.4,105600
260010301,히든스트리트,벨라모아의 굴,88,18,2.4,47520
260010400,버닝로드,작열하는 사막,88,16,2.2,38720
260010500,버닝로드,메마른 사막,88,40,2.4,105600
260010501,히든스트리트,프릴드 서식지대,88,22,2.2,53240
260010600,버닝로드,유랑단의 텐트,86,30,1.5,45540
260010700,버닝로드,아리안트 동문 밖,86,9,1.3,11840
260020000,버닝로드,아리안트 북문 밖,89,38,1.8,78318
260020100,버닝로드,북쪽 사막길1,89,13,1.6,23816
260020200,선셋로드,북쪽 사막길2,89,40,1.6,73280
260020300,선셋로드,붉은 모래 사막,89,15,1.5,26149
260020400,선셋로드,사막유목민의 폐허,90,28,1.3,43243
260020401,히든스트리트,석양의 거인,90,7,1.5,12474
260020500,선셋로드,사헬지대3,90,40,1.8,85536
260020600,선셋로드,사헬지대2,89,14,1.8,29473
260020610,선셋로드,잠자는 사막,89,13,1.8,27412
260020620,선셋로드,꿈꾸는 사막,90,14,2.5,41580
260020700,선셋로드,사헬지대1,89,30,1.6,54960
261010001,제뉴미스트 연구소,연구소 101호,91,18,1.8,39884
261010002,제뉴미스트 연구소,연구소 102호,92,60,1.5,114660
261010003,제뉴미스트 연구소,연구소 103호,93,14,2.999999,55271
261010101,제뉴미스트 연구소,연구소 201호,94,14,1.8,34221
261010102,제뉴미스트 연구소,연구소 202호,95,16,1.8,40586
261010103,제뉴미스트 연구소,연구소 203호,95,65,1.5,136402
261020100,알카드노 연구소,연구소 A-1 구역,94,50,2.0,135800
261020200,알카드노 연구소,연구소 B-1 구역,93,24,1.8,56851
261020300,알카드노 연구소,연구소 C-1 구역,95,20,3.0,83940
261020400,알카드노 연구소,연구소 C-2 구역,95,48,1.5,100728
261020401,히든스트리트,관계자 외 출입금지,95,30,1.6,67152
261020500,알카드노 연구소,연구소 C-3 구역,95,28,3.0,117516
261020600,알카드노 연구소,연구소 B-3 구역,91,13,1.8,28805
261020700,알카드노 연구소,연구소 A-3 구역,92,50,2.0,127400
262030100,힐라의 탑,복도1,110,8,1.0,0
262030200,힐라의 탑,복도2,110,8,1.0,0
262030300,힐라의 탑,힐라의 탑,110,1,1.0,582000
262031100,힐라의 탑,음산한 복도1,185,8,1.0,0
262031200,힐라의 탑,음산한 복도2,185,8,1.0,0
262031300,힐라의 탑,힐라의 탑,190,1,1.0,2040000
270010100,타임로드,추억의 길1,140,21,2.5,396265
270010200,타임로드,추억의 길2,141,20,2.3,357233
270010300,타임로드,추억의 길3,142,13,2.999999,309977
270010400,타임로드,추억의 길4,143,13,2.4,257124
270010500,타임로드,추억의 길5,143,15,2.2,269702
270020100,타임로드,후회의 길1,145,15,2.4,313843
270020200,타임로드,후회의 길2,146,19,2.6,444251
270020300,타임로드,후회의 길3,146,19,2.3,398304
270020400,타임로드,후회의 길4,147,22,1.8,372114
270020500,타임로드,후회의 길5,146,10,3.0,270960
270030100,타임로드,망각의 길1,149,17,2.0,337988
270030200,타임로드,망각의 길2,151,21,1.6,357715
270030300,타임로드,망각의 길3,151,13,1.7,236194
270030400,타임로드,망각의 길4,152,16,1.7,311470
270030500,타임로드,망각의 길5,154,15,2.0,354960
270030600,타임로드,또 다른 망각의 길1,160,17,2.2,1687600
270030610,타임로드,또 다른 망각의 길2,161,21,1.6,1623364
270030620,타임로드,또 다른 망각의 길3,163,13,1.6,1057728
270030630,타임로드,또 다른 망각의 길4,165,16,1.4,1211410
271000100,다크에레브,변형된 티노의 숲,163,21,2.7,950235
271000200,다크에레브,변형된 티루의 숲,165,15,2.2,591030
271000210,다크에레브,변형된 티구르의 숲,167,15,2.1,601114
271010100,파괴된 헤네시스,파괴된 헤네시스 시장,162,21,1.6,542908
271010200,파괴된 헤네시스,파괴된 헤네시스공원,162,25,1.9,767505
271010300,파괴된 니은숲,파괴된 헤네시스 북쪽언덕,166,25,1.8,830565
271010301,파괴된 니은숲,수상한 언덕,167,18,1.9,657542
271010400,파괴된 니은숲,꿈꾸는 오솔길,168,14,1.8,496843
271020000,파괴된 버섯노래숲,어두운 포자언덕,164,15,2.3,596746
271020100,파괴된 버섯노래숲,음산한 콧노래 오솔길,164,16,1.9,525828
271030010,기사단 요새,요새 입구,168,5,1.2,98586
271030100,기사단 요새,기사단 제 1구역,168,21,3.299999,1402324
271030101,기사단 요새,제 1연무장,168,49,2.2,6568141
271030102,기사단 요새,제 2연무장,169,32,2.4,4690900
271030200,기사단 요새,기사단 제 2구역,172,18,2.999999,1200851
271030201,기사단 요새,정령의 터,169,16,2.3,746304
271030202,기사단 요새,정령의 터,171,18,2.799999,1087530
271030203,기사단 요새,정령의 터,173,18,2.6,1068069
271030204,기사단 요새,정령의 터,175,17,2.6,1068358
271030205,기사단 요새,정령의 터,177,18,2.899999,1333709
271030300,기사단 요새,기사단 제 3구역,174,21,3.099999,1529524
271030310,기사단 요새,무기고1,172,26,2.599999,4627519
271030320,기사단 요새,무기고2,175,24,2.3,4022534
271030400,기사단 요새,기사단 제 4구역,176,20,3.099999,1541257
271030500,기사단 요새,기사의 전당1,177,11,2.999999,843149
271030510,기사단 요새,기사의 전당2,179,18,2.5,1208925
271030520,기사단 요새,기사의 전당3,180,17,2.999999,1406273
271030530,기사단 요새,기사의 전당4,182,21,2.999999,1892897
271030540,기사단 요새,기사의 전당5,184,22,2.5,1791240
271030600,기사단 요새,명예의 전당,180,25,2.2,1579619
272000100,과거의 리프레,불타는 리프레1,123,12,0.6999999,27375
272000200,과거의 리프레,불타는 리프레2,123,15,1.0,48885
272000300,과거의 리프레,불타는 리프레3,124,10,0.6999999,23400
272000400,과거의 리프레,불타는 리프레4,125,10,1.0,34899
272000500,과거의 리프레,불타는 리프레5,125,23,1.2,96214
272000600,과거의 리프레,불타는 리프레6,126,18,1.0,63549
272020000,차원의 틈,비틀린 시간의 신전1,164,15,0.5999999,155672
272020100,차원의 틈,비틀린 시간의 신전2,166,15,0.5999999,166112
272030000,차원의 틈,차원의 틈,120,7,0.5999999,11243
272030100,차원의 틈,어둠의 길1,120,6,0.6999999,9695
272030200,차원의 틈,어둠의 길2,120,7,0.6999999,9505
273010000,황혼의 페리온,인적이 끊긴 남쪽령,190,25,2.4,3025140
273020000,황혼의 페리온,황량한 언덕,190,23,2.4,2783128
273020100,황혼의 페리온,적막한 바위길,190,24,2.0,2464364
273020200,황혼의 페리온,쓸쓸한 바위길,190,26,2.0,2700080
273020300,황혼의 페리온,풍화된 바위지대,191,40,2.5,5306460
273020400,황혼의 페리온,칼바람의 묘지,192,38,2.0,4091460
273030000,황혼의 페리온,뜨거운 협곡,192,27,2.0,2907090
273030100,황혼의 페리온,타오르는 바위 언덕,192,25,1.8,2472370
273030200,황혼의 페리온,고열의 땅,193,31,2.0,3486920
273030300,황혼의 페리온,잿바람의 고원,194,27,2.0,3094848
273040000,황혼의 페리온,버려진 발굴지역 1,194,28,2.0,3209472
273040100,황혼의 페리온,버려진 발굴지역 2,195,27,1.7,2711542
273040200,황혼의 페리온,버려진 발굴지역 3,195,31,2.0,3755314
273040300,황혼의 페리온,버려진 발굴지역 4,196,30,1.8,3286278
273060000,황혼의 페리온,원혼의 땅 입구,196,21,1.8,2300394
273060100,황혼의 페리온,거친 황야,196,21,1.8,2348805
273060200,황혼의 페리온,거친 협곡,197,21,1.6,2133696
273060300,황혼의 페리온,전사들의 결전지,198,26,1.5,2520960
280020000,아도비스의임무2,화산의숨결<1단계>,51,3,0.3999999,194
300010000,엘린숲,이끼나무숲,98,15,1.8,41094
300010200,엘린숲,황폐한 땅,98,11,1.8,30135
300010400,엘린숲,바위산 입구,99,8,0.9,11239
300010410,엘린숲,바위산 동굴,99,6,0.9,8429
300010420,엘린숲,동굴 깊은 곳,100,1,0.8,65960
300020000,엘린숲,동굴 깊은 곳,99,4,0.8,4995
300020200,엘린숲,버섯언덕 입구,98,10,1.8,27396
300020210,엘린숲,버섯언덕 중턱,98,11,1.4,23438
300030200,엘린숲,페어리의 숲1,100,19,2.0,60838
300030300,엘린숲,페어리의 숲2,100,19,1.5,45628
300030310,엘린숲,여왕의 은신처,102,1,1.0,179700
301010000,크림슨우드 성채,역사의 진1,130,25,1.6,199840
301010100,크림슨우드 성채,역사의 진2,131,24,1.6,200140
301020000,크림슨우드 성채,환술사의 진1,133,25,2.0,341100
301020100,크림슨우드 성채,환술사의 진2,134,25,1.9,233985
301030000,크림슨우드 성채,추격자의 진1,135,25,1.8,276210
301030100,크림슨우드 성채,추격자의 진2,136,25,1.9,302527
301040000,크림슨우드 성채,약탈자의 진1,137,25,2.6,429195
301040100,크림슨우드 성채,약탈자의 진2,138,25,1.5,256312
301060000,크림슨우드 성채,간수의 영역,139,21,1.5,227973
302010100,아리안트,핫사르의 하수인 호위,105,9,0.5999999,13964
302020200,엘린숲,엘린숲 침략지1,105,15,1.4,55112
302020300,엘린숲,엘린숲 침략지2,105,15,1.7,67575
302020400,엘린숲,엘린숲 침략지3,107,13,1.5,54787
302020500,엘린숲,엘린숲 침략지4,107,13,1.8,65883
302030200,평온의 숲,평온의 숲 박쥐떼1,110,17,2.999999,156008
302030300,평온의 숲,평온의 숲 박쥐떼2,110,17,2.999999,156008
302030400,평온의 숲,평온의 숲 박쥐떼3,110,16,2.999999,146831
302040100,평온의 숲,오로라 앞쪽 숲 1,110,15,1.3,59650
302040200,평온의 숲,오로라 앞쪽 숲 2,110,16,1.0,48944
302040300,평온의 숲,오로라 뒤쪽 숲 1,109,12,1.3,16142
302040400,평온의 숲,오로라 뒤쪽 숲 2,109,15,1.3,21522
302050100,폭풍우치는 숲,하얀 마법사의 궤적 1,110,17,2.999999,156008
302050200,폭풍우치는 숲,하얀 마법사의 궤적 2,110,17,2.999999,156008
302050300,폭풍우치는 숲,하얀 마법사의 궤적 3,110,14,2.999999,128477
303010100,리프레,태초의 숲1,110,15,2.999999,137654
303010200,리프레,태초의 숲2,110,16,2.999999,146831
303010300,리프레,태초의 숲 3,110,18,2.999999,165185
303020100,아쿠아로드,사파이어 빛 바다,105,21,1.8,147403
303020200,아쿠아로드,에메랄드 빛 바다,107,20,1.8,150012
303030100,무릉,우거진 녹림의 땅,111,14,1.8,118087
303030200,무릉,비옥한 천년삼의 땅,112,14,1.8,121161
303030300,무릉,화사한 홍도의 땅,113,18,1.6,142934
303040000,폐광,신비한 약초의 협곡,123,6,0.6999999,16421
303090520,히든스트리트,"에베르 변방, 침입",110,8,1.0,24472
304010100,겔리메르 연구소,어두컴컴한 지하1,110,13,1.3,51697
304010200,겔리메르 연구소,어두컴컴한 지하2,110,13,1.3,51697
304010300,겔리메르 연구소,위험한 구역,110,19,1.0,0
304020100,겔리메르 연구소,습기찬 지하1,110,15,1.2,55062
304020200,겔리메르 연구소,습기찬 지하2,110,18,1.0,55062
304060100,위기의 에레브,에레브 탈환전1,110,16,2.3,112571
304060200,위기의 에레브,에레브 탈환전2,110,21,2.5,160597
304060300,위기의 에레브,에레브 탈환전3,110,19,1.8,104617
304070100,위기의 에레브,검은 마녀의 손길,115,1,1.0,16878
305000000,차원의 도서관,책장 너머의 엘린숲 1,105,15,1.4,55112
305000100,차원의 도서관,책장 너머의 엘린숲 2,107,14,1.7,66818
305010000,차원의 도서관,책장 너머의 평온의 숲 1,110,16,1.0,48944
305010100,차원의 도서관,책장 너머의 평온의 숲 2,109,14,1.3,0
306000100,엘나스 산맥,얼음골짜기1,110,18,1.7,93605
306000200,엘나스 산맥,얼음골짜기3,110,16,1.5,73416
306010100,사자왕의 성,성벽 아래,110,11,1.8,60568
306010300,사자왕의 성,성벽 아래2,110,11,1.4,47108
306010400,사자왕의 성,내성으로 가는 길,110,17,1.4,72804
306010500,사자왕의 성,내성으로 가는 길,110,15,1.5,68827
306010600,사자왕의 성,내성으로 가는 길,110,17,1.5,78004
306010700,사자왕의 성,내성으로 가는 길,110,19,1.5,87181
306020100,쓸쓸한 벌판,피난길,110,19,1.0,58121
306020200,쓸쓸한 벌판,피난길,110,19,1.0,58121
306020300,쓸쓸한 벌판,피난길,110,18,1.0,55062
306030100,관문,관문 서측,110,19,1.2,69745
306030200,관문,관문 동측,110,19,1.2,69745
306040000,관문 뒷길,설산1,110,12,1.4,51391
306040100,관문 뒷길,설산2,110,17,1.5,78004
307000010,그림자 마을,필드 1-A-2,20,12,1.5,630
307000130,그림자 마을,연구실 창고1,94,16,2.899999,63011
307000140,그림자 마을,연구실 창고2,95,18,2.999999,75545
307000201,그림자 마을,필드 2-A-2,21,12,2.0,1056
307000221,그림자 마을,필드 2-B-2,55,20,2.0,7480
307000310,그림자 신전,먼지 쌓인 복도1,190,8,1.0,987312
307000320,그림자 신전,먼지 쌓인 복도2,190,8,1.0,987312
307000330,그림자 신전,먼지 쌓인 복도3,190,8,1.0,987312
308000100,샤레니안 어딘가,두더지 계곡,100,16,2.899999,1623
308000110,샤레니안 어딘가,두더지 계곡,100,18,2.899999,1826
308000120,샤레니안 어딘가,두더지 계곡,100,19,2.899999,1928
308000130,샤레니안 어딘가,두더지 언덕길,100,16,2.899999,1623
308000140,샤레니안 어딘가,두더지 언덕길,100,19,2.899999,1928
308000150,샤레니안 어딘가,두더지 언덕길,100,19,2.899999,1928
308000160,샤레니안 어딘가,왕궁 외부 통로,100,10,1.0,350
308000180,샤레니안 어딘가,왕궁 외부 통로,100,10,1.0,350
308000200,샤레니안 어딘가,왕궁 내부 통로,100,12,2.899999,1217
308000220,샤레니안 어딘가,왕궁 내부 통로,100,12,2.899999,1217
308000230,샤레니안 어딘가,왕궁 내부 통로,100,12,2.899999,1217
308000240,샤레니안 어딘가,왕궁 내부 통로,100,12,2.899999,1217
308000260,샤레니안 어딘가,해지는 왕좌,100,9,1.0,315
308000270,샤레니안 어딘가,왕궁 외부 통로,100,10,1.0,350
308000280,샤레니안 어딘가,왕궁 외부 통로,100,12,1.3,546
308000290,샤레니안 어딘가,왕궁 외부 통로,100,12,2.899999,1217
308000300,샤레니안 어딘가,왕궁 외부 통로,100,10,1.0,350
308000310,샤레니안 어딘가,왕궁 내부 통로,100,12,2.899999,1217
308000320,샤레니안 어딘가,지하수로,100,12,2.899999,1217
308000330,샤레니안 어딘가,왕궁 외부 통로,100,12,2.899999,1217
308000340,샤레니안 어딘가,왕궁 외부 통로,100,12,2.899999,1217
308000350,샤레니안 어딘가,왕궁 외부 통로,100,12,2.899999,1217
308000360,샤레니안 어딘가,지하수로,100,12,2.899999,1217
308000370,샤레니안 어딘가,지하수로,100,12,2.899999,1217
308000380,샤레니안 어딘가,지하수로,100,12,2.899999,1217
308000390,샤레니안 어딘가,지하수로,100,12,2.899999,1217
308000400,샤레니안 어딘가,지하수로,100,11,2.899999,1116
308000410,샤레니안 어딘가,지하수로,100,12,2.899999,1217
308000420,샤레니안 어딘가,해지는 왕좌,100,9,1.0,315
310010100,레지스탕스 본부,트레이닝 룸 A,10,16,1.6,435
310010200,레지스탕스 본부,트레이닝 룸 B,11,10,1.6,304
310010300,레지스탕스 본부,트레이닝 룸 C,12,12,1.6,403
310010400,레지스탕스 본부,트레이닝 룸 D,13,14,1.2,369
310020000,콘크리트 로드,에델슈타인 공원1,5,12,1.5,144
310020100,콘크리트 로드,에델슈타인 공원2,6,10,1.5,150
310020200,콘크리트 로드,에델슈타인 공원3,8,9,1.5,202
310030000,콘크리트 로드,에델슈타인 산책로1,14,13,1.8,561
310030100,콘크리트 로드,에델슈타인 산책로2,16,14,1.8,705
310030110,콘크리트 로드,뱀 나오는 길,18,13,1.8,748
310030200,콘크리트 로드,에델슈타인 산책로3,20,12,1.4,588
310030300,콘크리트 로드,에델슈타인 산책로4,22,15,1.4,819
310030310,콘크리트 로드,가로등길,25,12,1.6,1017
310040000,드라이 로드,광산 가는 길1,28,18,1.5,1728
310040100,드라이 로드,광산 가는 길2,31,16,1.5,1848
310040300,드라이 로드,바위길,33,14,1.6,1926
310040400,드라이 로드,광석길,35,12,1.6,1824
310050200,레벤 광산,갱도 입구1,81,10,1.4,10920
310050300,레벤 광산,갱도 입구2,81,12,1.4,13104
310050500,레벤 광산,갱도1,81,10,1.4,10920
310050510,레벤 광산,너구리 소굴,83,10,1.5,13125
310050520,레벤 광산,위험한 너구리 소굴,83,7,1.6,9800
310050600,레벤 광산,갱도2,82,10,1.5,12405
310050700,레벤 광산,갱도3,82,16,1.5,19848
310050800,레벤 광산,갱도4,84,11,1.5,15180
310060100,겔리메르 연구소,안드로이드 연구소1,85,11,1.5,15939
310060110,겔리메르 연구소,안드로이드 연구소2,85,13,1.6,20092
310060120,겔리메르 연구소,안드로이드 연구소3,85,12,1.7,19706
310060200,겔리메르 연구소,방어 시스템 연구소1,84,7,1.5,9660
310060210,겔리메르 연구소,방어 시스템 연구소2,84,9,1.6,13248
310060220,겔리메르 연구소,방어 시스템 연구소3,84,8,1.7,12512
310060300,겔리메르 연구소,깊은 갱도,85,11,1.6,17001
310070100,기계무덤,기계무덤 입구,200,23,1.6,2421624
310070110,기계무덤,기계무덤 언덕1,200,26,2.1,3668448
310070120,기계무덤,기계무덤 언덕2,202,27,2.2,4122360
310070130,기계무덤,기계무덤 언덕3,204,25,2.4,4395420
310070140,기계무덤,기계무덤 언덕4,204,17,2.7,3432861
310070150,기계무덤,기계무덤 공터,208,15,1.6,1943232
310070160,기계무덤,기계무덤 언덕5,208,21,1.6,2772505
310070200,스카이라인,스카이라인 올라가는 길,213,20,1.0,1840756
310070210,스카이라인,스카이라인1,213,19,1.1,1908656
310070220,스카이라인,스카이라인 가장자리,214,16,1.4,2103932
310070230,스카이라인,스카이라인2,213,23,1.5,3172257
310070300,블랙헤븐 갑판,블랙헤븐 갑판1,213,24,1.6,3519840
310070310,블랙헤븐 갑판,블랙헤븐 입구,214,35,1.6,5232035
310070320,블랙헤븐 갑판,블랙헤븐 갑판2,215,26,1.8,4462941
310070330,블랙헤븐 갑판,블랙헤븐 갑판3,215,33,1.6,5035113
310070400,블랙헤븐,블랙헤븐 교차로1,216,35,1.8,5112214
310070410,블랙헤븐,블랙헤븐 내부 미로1,216,43,1.7,6325943
310070420,블랙헤븐,블랙헤븐 내부 미로2,217,32,1.7,1016542
310070430,블랙헤븐,블랙헤븐 내부 미로3,217,34,1.8,1632949
310070440,블랙헤븐,블랙헤븐 교차로2,218,33,1.8,1281546
310070450,블랙헤븐,블랙헤븐 내부 미로4,218,33,1.7,2263505
310070460,블랙헤븐,블랙헤븐 내부 미로5,219,35,1.6,1497902
310070470,블랙헤븐,블랙헤븐 교차로3,219,43,1.8,2246853
310070480,블랙헤븐,블랙헤븐 내부 미로6,219,50,1.7,3183042
310070490,블랙헤븐,블랙헤븐 내부 미로7,219,37,1.5,1560315
321110000,미나르 서쪽 숲,미나르 서쪽 숲<1>,102,18,10.0,513540
321111000,미나르 서쪽 숲,미나르 서쪽 숲<2>,102,18,10.0,513540
321112000,미나르 서쪽 숲,미나르 서쪽 숲<3>,102,18,10.0,513540
321113000,미나르 서쪽 숲,미나르 서쪽 숲<4>,102,18,10.0,513540
321114000,미나르 서쪽 숲,미나르 서쪽 숲<5>,102,18,10.0,513540
321115000,미나르 서쪽 숲,미나르 서쪽 숲<6>,102,18,10.0,513540
321116000,미나르 서쪽 숲,미나르 서쪽 숲<7>,102,17,10.0,485010
321120000,미나르 동쪽 숲,미나르 동쪽 숲<1>,104,18,10.0,547740
321121000,미나르 동쪽 숲,미나르 동쪽 숲<2>,104,18,10.0,547740
321122000,미나르 동쪽 숲,미나르 동쪽 숲<3>,104,18,10.0,547740
321123000,미나르 동쪽 숲,미나르 동쪽 숲<4>,104,18,10.0,547740
321124000,미나르 동쪽 숲,미나르 동쪽 숲<5>,104,18,10.0,547740
321125000,미나르 동쪽 숲,미나르 동쪽 숲<6>,104,18,10.0,547740
321126000,미나르 서쪽 숲,미나르 서쪽 숲<7>,104,18,10.0,547740
321130000,황혼의 숲,황혼의 숲<1>,106,18,10.0,582300
321131000,황혼의 숲,황혼의 숲<2>,106,18,10.0,582300
321132000,황혼의 숲,황혼의 숲<3>,106,18,10.0,582300
321133000,황혼의 숲,황혼의 숲<4>,106,18,10.0,582300
321134000,황혼의 숲,황혼의 숲<5>,108,18,10.0,617400
321135000,황혼의 숲,황혼의 숲<6>,108,18,10.0,617400
321136000,황혼의 숲,황혼의 숲<7>,107,17,10.0,567500
321140000,와이번의 계곡,와이번의 계곡<1>,108,18,10.0,617400
321141000,와이번의 계곡,와이번의 계곡<2>,108,18,10.0,617400
321142000,와이번의 계곡,와이번의 계곡<3>,106,18,10.0,582300
321143000,와이번의 계곡,와이번의 계곡<4>,106,18,10.0,582300
321144000,와이번의 계곡,와이번의 계곡<5>,106,18,10.0,582300
321145000,와이번의 계곡,와이번의 계곡<6>,108,17,10.0,583100
321146000,와이번의 계곡,와이번의 계곡<7>,108,17,10.0,583100
322010000,아리안트,아리안트 서문 밖 <1>,112,18,10.0,689040
322011000,아리안트,아리안트 서문 밖 <2>,112,18,10.0,689040
322012000,아리안트,아리안트 서문 밖 <3>,112,18,10.0,689040
322013000,아리안트,아리안트 서문 밖 <4>,112,18,10.0,689040
322014000,아리안트,아리안트 서문 밖 <5>,112,18,10.0,689040
322015000,아리안트,아리안트 서문 밖 <6>,112,18,10.0,689040
322016000,아리안트,아리안트 서문 밖 <7>,112,18,10.0,689040
322020000,아리안트,아리안트 동문 밖 <1>,114,18,10.0,725580
322021000,아리안트,아리안트 동문 밖 <2>,114,18,10.0,725580
322022000,아리안트,아리안트 동문 밖 <3>,114,18,10.0,725580
322023000,아리안트,아리안트 동문 밖 <4>,114,18,10.0,725580
322024000,아리안트,아리안트 동문 밖 <5>,114,18,10.0,725580
322025000,아리안트,아리안트 동문 밖 <6>,114,18,10.0,725580
322026000,아리안트,아리안트 동문 밖 <7>,114,18,10.0,725580
322030000,아리안트,아리안트 북문 밖 <1>,116,18,1.5,114372
322031000,아리안트,아리안트 북문 밖 <2>,116,18,1.5,114372
322032000,아리안트,아리안트 북문 밖 <3>,116,18,1.5,114372
322033000,아리안트,아리안트 북문 밖 <4>,116,18,1.5,114372
322034000,아리안트,아리안트 북문 밖 <5>,116,18,1.5,114372
322035000,아리안트,아리안트 북문 밖 <6>,116,18,1.5,114372
322036000,아리안트,아리안트 북문 밖 <7>,116,18,1.5,114372
322040000,아리안트,피라미드 <1>,118,18,10.0,800280
322041000,아리안트,피라미드 <2>,118,18,10.0,800280
322042000,아리안트,피라미드 <3>,118,18,10.0,800280
322043000,아리안트,피라미드 <4>,118,18,10.0,800280
322044000,아리안트,피라미드 <5>,118,18,10.0,800280
322045000,아리안트,피라미드 <6>,118,18,10.0,800280
322046000,아리안트,피라미드 <7>,118,18,10.0,800280
323010000,헤네시스,작은 버섯 동산 <1>,122,18,10.0,876600
323011000,헤네시스,작은 버섯 동산 <2>,122,18,10.0,876600
323012000,헤네시스,작은 버섯 동산 <3>,122,18,10.0,876600
323013000,헤네시스,작은 버섯 동산 <4>,122,18,10.0,876600
323014000,헤네시스,작은 버섯 동산 <5>,122,18,10.0,876600
323015000,헤네시스,작은 버섯 동산 <6>,122,18,10.0,876600
323016000,헤네시스,작은 버섯 동산 <7>,122,18,10.0,876600
323020000,헤네시스,골렘의 점령지 <1>,124,18,10.0,915480
323021000,헤네시스,골렘의 점령지 <2>,124,18,10.0,915480
323022000,헤네시스,골렘의 점령지 <3>,124,18,10.0,915480
323023000,헤네시스,골렘의 점령지 <4>,124,18,10.0,915480
323024000,헤네시스,골렘의 점령지 <5>,124,18,10.0,915480
323025000,헤네시스,골렘의 점령지 <6>,124,18,10.0,915480
323026000,헤네시스,골렘의 점령지 <7>,124,18,10.0,915480
323030000,헤네시스,금빛 해안가 <1>,126,18,10.0,962460
323031000,헤네시스,금빛 해안가 <2>,126,18,10.0,962460
323032000,헤네시스,금빛 해안가 <3>,126,18,10.0,962460
323033000,헤네시스,금빛 해안가 <4>,126,18,10.0,962460
323034000,헤네시스,금빛 해안가 <5>,126,18,10.0,962460
323035000,헤네시스,금빛 해안가 <6>,126,18,10.0,962460
323036000,헤네시스,금빛 해안가 <7>,126,18,10.0,962460
323040000,헤네시스,잠자는 숲 깊은 곳 <1>,128,18,10.0,1025640
323041000,헤네시스,잠자는 숲 깊은 곳 <2>,128,18,10.0,1025640
323042000,헤네시스,잠자는 숲 깊은 곳 <3>,128,18,10.0,1025640
323043000,헤네시스,잠자는 숲 깊은 곳 <4>,128,18,10.0,1025640
323044000,헤네시스,잠자는 숲 깊은 곳 <5>,128,18,10.0,1025640
323045000,헤네시스,잠자는 숲 깊은 곳 <6>,128,18,10.0,1025640
323046000,헤네시스,잠자는 숲 깊은 곳 <7>,128,18,10.0,1025640
324010000,무릉,선인들의 수련장 <1>,131,18,10.0,1157220
324011000,무릉,선인들의 수련장 <2>,131,18,10.0,1157220
324012000,무릉,선인들의 수련장 <3>,131,18,10.0,1157220
324013000,무릉,선인들의 수련장 <4>,131,18,10.0,1157220
324014000,무릉,선인들의 수련장 <5>,131,18,10.0,1157220
324015000,무릉,선인들의 수련장 <6>,131,18,10.0,1157220
324016000,무릉,선인들의 수련장 <7>,131,18,10.0,1157220
324020000,무릉,하늘 숲 <1>,133,18,10.0,1246140
324021000,무릉,하늘 숲 <2>,133,18,10.0,1246140
324022000,무릉,하늘 숲 <3>,133,18,10.0,1246140
324023000,무릉,하늘 숲 <4>,133,18,10.0,1246140
324024000,무릉,하늘 숲 <5>,133,18,10.0,1246140
324025000,무릉,하늘 숲 <6>,133,18,10.0,1246140
324026000,무릉,하늘 숲 <7>,133,18,10.0,1246140
324030000,무릉,곰의 영역 <1>,135,18,10.0,1336500
324031000,무릉,곰의 영역 <2>,135,18,10.0,1336500
324032000,무릉,곰의 영역 <3>,135,18,10.0,1336500
324033000,무릉,곰의 영역 <4>,135,18,10.0,1336500
324034000,무릉,곰의 영역 <5>,135,18,10.0,1336500
324035000,무릉,곰의 영역 <6>,135,18,10.0,1336500
324036000,무릉,곰의 영역 <7>,135,18,10.0,1336500
324040000,무릉,약초밭 <1>,137,18,10.0,1428300
324041000,무릉,약초밭 <2>,137,18,10.0,1428300
324042000,무릉,약초밭 <3>,137,18,10.0,1428300
324043000,무릉,약초밭 <4>,137,18,10.0,1428300
324044000,무릉,약초밭 <5>,137,18,10.0,1428300
324045000,무릉,약초밭 <6>,137,18,10.0,1428300
324046000,무릉,약초밭 <7>,137,18,10.0,1428300
324050000,무릉,해적단의 소굴 <1>,139,18,10.0,1520640
324051000,무릉,해적단의 소굴 <2>,139,18,10.0,1520640
324052000,무릉,해적단의 소굴 <3>,139,18,10.0,1520640
324053000,무릉,해적단의 소굴 <4>,139,18,10.0,1520640
324054000,무릉,해적단의 소굴 <5>,139,18,10.0,1520640
324055000,무릉,해적단의 소굴 <6>,139,18,10.0,1520640
324056000,무릉,해적단의 소굴 <7>,139,18,10.0,1520640
325010000,에델슈타인,가로등 거리 <1>,142,18,10.0,1661400
325011000,에델슈타인,가로등 거리 <2>,142,18,10.0,1661400
325012000,에델슈타인,가로등 거리 <3>,142,18,10.0,1661400
325013000,에델슈타인,가로등 거리 <4>,142,18,10.0,1661400
325014000,에델슈타인,가로등 거리 <5>,142,18,10.0,1661400
325015000,에델슈타인,가로등 거리 <6>,142,18,10.0,1661400
325016000,에델슈타인,가로등 거리 <7>,142,18,10.0,1661400
325020000,에델슈타인,험준한 바위산 <1>,144,18,10.0,1756800
325021000,에델슈타인,험준한 바위산 <2>,144,18,10.0,1756800
325022000,에델슈타인,험준한 바위산 <3>,144,18,10.0,1756800
325023000,에델슈타인,험준한 바위산 <4>,144,18,10.0,1756800
325024000,에델슈타인,험준한 바위산 <5>,144,18,10.0,1756800
325025000,에델슈타인,험준한 바위산 <6>,144,18,10.0,1756800
325026000,에델슈타인,험준한 바위산 <7>,144,18,10.0,1756800
325030000,에델슈타인,루 광산 깊은 곳 <1>,146,18,10.0,1853100
325031000,에델슈타인,루 광산 깊은 곳 <2>,146,18,10.0,1853100
325032000,에델슈타인,루 광산 깊은 곳 <3>,146,18,10.0,1853100
325033000,에델슈타인,루 광산 깊은 곳 <4>,146,18,10.0,1853100
325034000,에델슈타인,루 광산 깊은 곳 <5>,146,18,10.0,1853100
325035000,에델슈타인,루 광산 깊은 곳 <6>,146,18,10.0,1853100
325036000,에델슈타인,루 광산 깊은 곳 <7>,146,18,10.0,1853100
325040000,에델슈타인,광산 경비 지역 <1>,148,18,10.0,1950480
325041000,에델슈타인,광산 경비 지역 <2>,148,18,10.0,1950480
325042000,에델슈타인,광산 경비 지역 <3>,148,18,10.0,1950480
325043000,에델슈타인,광산 경비 지역 <4>,148,18,10.0,1950480
325044000,에델슈타인,광산 경비 지역 <5>,148,18,10.0,1950480
325045000,에델슈타인,광산 경비 지역 <6>,148,18,10.0,1950480
325046000,에델슈타인,광산 경비 지역 <7>,148,18,10.0,1950480
326010000,마가티아,제뉴미스트의 실험실 A <1>,152,18,10.0,2190960
326011000,마가티아,제뉴미스트의 실험실 A <2>,152,18,10.0,2190960
326012000,마가티아,제뉴미스트의 실험실 A <3>,152,18,10.0,2190960
326013000,마가티아,제뉴미스트의 실험실 A <4>,152,18,10.0,2190960
326014000,마가티아,제뉴미스트의 실험실 A <5>,152,18,10.0,2190960
326015000,마가티아,제뉴미스트의 실험실 A <6>,152,18,10.0,2190960
326016000,마가티아,제뉴미스트의 실험실 A <7>,152,18,10.0,2190960
326020000,마가티아,알카드노의 실험실 A <1>,154,18,10.0,2376540
326021000,마가티아,알카드노의 실험실 A <2>,154,18,10.0,2376540
326022000,마가티아,알카드노의 실험실 A <3>,154,18,10.0,2376540
326023000,마가티아,알카드노의 실험실 A <4>,154,18,10.0,2376540
326024000,마가티아,알카드노의 실험실 A <5>,154,18,10.0,2376540
326025000,마가티아,알카드노의 실험실 A <6>,154,18,10.0,2376540
326026000,마가티아,알카드노의 실험실 A <7>,154,18,10.0,2376540
326030000,마가티아,제뉴미스트의 실험실 B <1>,156,18,10.0,2564820
326031000,마가티아,제뉴미스트의 실험실 B <2>,156,18,10.0,2564820
326032000,마가티아,제뉴미스트의 실험실 B <3>,156,18,10.0,2564820
326033000,마가티아,제뉴미스트의 실험실 B <4>,156,18,10.0,2564820
326034000,마가티아,제뉴미스트의 실험실 B <5>,156,18,10.0,2564820
326035000,마가티아,제뉴미스트의 실험실 B <6>,156,18,10.0,2564820
326036000,마가티아,제뉴미스트의 실험실 B <7>,156,18,10.0,2564820
326040000,마가티아,알카드노의 실험실 B <1>,158,18,10.0,2754540
326041000,마가티아,알카드노의 실험실 B <2>,158,18,10.0,2754540
326042000,마가티아,알카드노의 실험실 B <3>,158,18,10.0,2754540
326043000,마가티아,알카드노의 실험실 B <4>,158,18,10.0,2754540
326044000,마가티아,알카드노의 실험실 B <5>,158,18,10.0,2754540
326045000,마가티아,알카드노의 실험실 B <6>,158,18,10.0,2754540
326046000,마가티아,알카드노의 실험실 B <7>,158,18,10.0,2754540
327010000,루디브리엄,장난감 공장 <1>,162,18,10.0,3141000
327011000,루디브리엄,장난감 공장 <2>,162,18,10.0,3141000
327012000,루디브리엄,장난감 공장 <3>,162,18,10.0,3141000
327013000,루디브리엄,장난감 공장 <4>,162,18,10.0,3141000
327014000,루디브리엄,장난감 공장 <5>,162,18,10.0,3141000
327015000,루디브리엄,장난감 공장 <6>,162,18,10.0,3141000
327016000,루디브리엄,장난감 공장 <7>,162,18,10.0,3141000
327020000,루디브리엄,시계탑 내부 <1>,164,18,10.0,3337380
327021000,루디브리엄,시계탑 내부 <2>,164,18,10.0,3337380
327022000,루디브리엄,시계탑 내부 <3>,164,18,10.0,3337380
327023000,루디브리엄,시계탑 내부 <4>,164,18,10.0,3337380
327024000,루디브리엄,시계탑 내부 <5>,164,18,10.0,3337380
327025000,루디브리엄,시계탑 내부 <6>,164,18,10.0,3337380
327026000,루디브리엄,시계탑 내부 <7>,164,18,10.0,3337380
327030000,루디브리엄,시계탑 하층 <1>,166,18,10.0,3535380
327031000,루디브리엄,시계탑 하층 <2>,166,18,10.0,3535380
327032000,루디브리엄,시계탑 하층 <3>,166,18,10.0,3535380
327033000,루디브리엄,시계탑 하층 <4>,166,18,10.0,3535380
327034000,루디브리엄,시계탑 하층 <5>,166,18,10.0,3535380
327035000,루디브리엄,시계탑 하층 <6>,166,18,10.0,3535380
327036000,루디브리엄,시계탑 하층 <7>,166,18,10.0,3535380
327040000,루디브리엄,시계탑 최하층 <1>,168,18,10.0,3735720
327041000,루디브리엄,시계탑 최하층 <2>,168,18,10.0,3735720
327042000,루디브리엄,시계탑 최하층 <3>,168,18,10.0,3735720
327043000,루디브리엄,시계탑 최하층 <4>,168,18,10.0,3735720
327044000,루디브리엄,시계탑 최하층 <5>,168,18,10.0,3735720
327045000,루디브리엄,시계탑 최하층 <6>,168,18,10.0,3735720
327046000,루디브리엄,시계탑 최하층 <7>,168,18,10.0,3735720
328010000,시간의 신전,추억의 길 <1>,173,18,10.0,4245480
328011000,시간의 신전,추억의 길 <2>,173,18,10.0,4245480
328012000,시간의 신전,추억의 길 <3>,173,18,10.0,4245480
328013000,시간의 신전,추억의 길 <4>,173,18,10.0,4245480
328014000,시간의 신전,추억의 길 <5>,173,18,10.0,4245480
328015000,시간의 신전,추억의 길 <6>,173,18,10.0,4245480
328016000,시간의 신전,추억의 길 <7>,173,18,10.0,4245480
328020000,시간의 신전,후회의 길 <1>,176,18,10.0,4557420
328021000,시간의 신전,후회의 길 <2>,176,18,10.0,4557420
328022000,시간의 신전,후회의 길 <3>,176,18,10.0,4557420
328023000,시간의 신전,후회의 길 <4>,176,18,10.0,4557420
328024000,시간의 신전,후회의 길 <5>,176,18,10.0,4557420
328025000,시간의 신전,후회의 길 <6>,176,18,10.0,4557420
328026000,시간의 신전,후회의 길 <7>,176,18,10.0,4557420
328030000,시간의 신전,망각의 길 <1>,179,18,10.0,4873500
328031000,시간의 신전,망각의 길 <2>,179,18,10.0,4873500
328032000,시간의 신전,망각의 길 <3>,179,18,10.0,4873500
328033000,시간의 신전,망각의 길 <4>,179,18,10.0,4873500
328034000,시간의 신전,망각의 길 <5>,179,18,10.0,4873500
328035000,시간의 신전,망각의 길 <6>,179,18,10.0,4873500
328036000,시간의 신전,망각의 길 <7>,179,18,10.0,4873500
329010000,크리티아스,크리티아스 외곽 <1>,180,18,10.0,55332000
329011000,크리티아스,크리티아스 외곽 <2>,180,18,10.0,55332000
329012000,크리티아스,크리티아스 외곽 <3>,180,18,10.0,55332000
329013000,크리티아스,크리티아스 외곽 <4>,180,18,10.0,55332000
329014000,크리티아스,크리티아스 외곽 <5>,180,18,10.0,55332000
329020000,크리티아스,크리티아스 외곽 <1>,140,18,10.0,22392000
329021000,크리티아스,크리티아스 외곽 <2>,140,18,10.0,22392000
329022000,크리티아스,크리티아스 외곽 <3>,140,18,10.0,22392000
329023000,크리티아스,크리티아스 외곽 <4>,140,18,10.0,22392000
329024000,크리티아스,크리티아스 외곽 <5>,140,18,10.0,22392000
330000401,신수국제학교,양호실,10,6,1.0,102
330000501,신수국제학교,옥상,10,6,1.0,102
330000701,신수국제학교,독서실,10,6,1.0,102
330000801,신수국제학교,음악실,10,6,1.0,102
330000901,신수국제학교,양호실,10,6,1.0,102
330001001,신수국제학교,교무실,10,6,1.0,102
330001201,신수국제학교,독서실,10,6,1.0,102
330001301,신수국제학교,과학실,10,6,1.0,102
330001401,신수국제학교,음악실,10,6,1.0,102
330001601,신수국제학교,뒤뜰,10,6,1.0,102
330001701,신수국제학교대로,분수공원,10,6,1.0,102
330001801,신수국제학교대로,이슬비 산책로,10,6,1.0,102
330001901,신수국제학교대로,저녁노을 공터,10,6,1.0,102
330002600,신수국제학교,저녁노을 공터,10,6,1.0,102
330002700,신수국제학교,저녁노을 공터,10,6,1.0,102
330002800,신수국제학교,저녁노을 공터,10,6,1.0,102
330004001,신수국제학교 구관,정문,10,6,1.0,102
330005000,신수국제학교,뒤뜰,10,1,1.0,17
330005100,신수국제학교,저녁노을 공터,10,1,1.0,17
330005200,신수국제학교,옥상,10,1,1.0,17
330005300,신수국제학교,분수공원,10,1,1.0,17
330005400,신수국제학교,구관옥상,10,1,1.0,17
330005500,신수국제학교,저녁노을 공터,10,1,1.0,17
330005600,신수국제학교,강당,10,1,1.0,17
330006000,신수국제학교대로,저녁노을 공터,10,30,2.3,1173
330006100,신수국제학교대로,저녁노을 공터,10,30,2.2,1122
330006200,신수국제학교대로,저녁노을 공터,10,30,2.2,1122
330006300,신수국제학교대로,이슬비 산책로,10,30,2.6,1326
330006400,신수국제학교대로,이슬비 산책로,10,30,2.6,1326
330006500,신수국제학교대로,이슬비 산책로,10,30,2.7,1377
330006600,신수학교 구관,교실,10,25,2.4,1020
330006700,신수학교 구관,교실,10,25,2.4,1020
330006800,신수학교 구관,교실,10,25,2.5,1062
330006900,신수국제학교대로,저녁노을 공터,10,30,2.3,1173
330007000,신수국제학교대로,저녁노을 공터,10,31,2.2,1159
330007100,신수국제학교대로,저녁노을 공터,10,30,2.2,1122
330007300,신수학교 구관,교실,10,15,2.6,663
330007400,신수학교 구관,교실,10,21,2.6,928
330007500,신수학교 구관,교실,10,17,2.6,751
330007600,신수국제학교대로,이슬비 산책로,10,19,2.6,839
330007700,신수국제학교대로,이슬비 산책로,10,26,2.6,1149
330007800,신수국제학교대로,이슬비 산책로,10,29,2.7,1331
331002400,사립영재학교,2-1 교실,13,9,1.0,215
350011100,레벤 광산 내부,블랙윙 비밀 기지 1,10,20,1.8,612
350011200,레벤 광산 내부,블랙윙 비밀 기지 2,10,21,2.0,714
350011300,레벤 광산 내부,블랙윙 비밀 기지 3,10,20,1.4,475
350011800,레벤 광산 내부,블랙윙 비밀 기지 4,10,20,1.8,612
350011900,레벤 광산 내부,블랙윙 비밀 기지 5,10,21,1.8,642
350020200,크리스탈 가든,참새가 날뛰는 곳,28,19,1.3,419
350020300,크리스탈 가든,참새가 날뛰는 곳,18,21,1.3,464
350022100,"크리스탈 가든, 공습",공습당한 복도,85,13,1.0,12558
350022200,"크리스탈 가든, 공습",공습당한 복도,85,12,1.0,11592
350022300,"크리스탈 가든, 공습",공습당한 복도,85,18,1.0,17388
350022600,"크리스탈 가든, 공습",공습당한 복도,91,5,1.0,3864
350022700,"크리스탈 가든, 공습",공습당한 복도,85,6,1.0,5796
350040130,기계무덤,피난처 근방,85,28,1.5,40572
350040150,기계무덤,피난처 근방,85,32,1.0,30912
350042050,블랙헤븐,검사대,10,16,3.999999,1087
350042100,블랙헤븐,블랙헤븐 갑판1,10,38,3.999999,2583
350042150,블랙헤븐,블랙헤븐 갑판2,85,41,3.999999,158423
350042200,블랙헤븐,블랙헤븐 갑판3,42,37,3.999999,63251
350042250,블랙헤븐,블랙헤븐 갑판4,58,50,3.999999,124871
350042300,블랙헤븐,블랙헤븐 갑판5,48,61,3.999999,121823
350042350,블랙헤븐,블랙헤븐 갑판6,71,43,3.999999,131919
350042400,블랙헤븐,블랙헤븐 갑판7,64,31,3.999999,85619
350051100,블랙헤븐 내부,블랙헤븐 D1,85,9,1.0,8694
350051150,블랙헤븐 내부,블랙헤븐 D1,85,8,1.0,7728
350051200,블랙헤븐 내부,블랙헤븐 D1,85,7,0.8,5409
350051400,블랙헤븐 내부,블랙헤븐 D1,85,7,1.0,6762
350052100,블랙헤븐 내부,또다른 통로,10,3,1.0,51
350052200,블랙헤븐 내부,블랙헤븐 D1,85,8,1.0,7728
350052350,블랙헤븐 내부,블랙헤븐 D1,85,13,1.0,12558
350053200,블랙헤븐 내부,블랙헤븐 깊은 곳,10,6,2.5,255
350053450,블랙헤븐 내부,블랙헤븐 깊은 곳,10,6,2.5,255
350053700,블랙헤븐 내부,블랙헤븐 깊은 곳,85,9,2.5,21735
350053800,블랙헤븐 내부,블랙헤븐 깊은 곳,85,11,2.999999,31877
350056100,블랙헤븐 내부,블랙헤븐 D3,10,1,3.999998,0
350056200,블랙헤븐 내부,블랙헤븐 D3,10,1,3.999998,0
350056300,블랙헤븐 내부,블랙헤븐 D3,10,1,3.999998,0
350056400,블랙헤븐 내부,블랙헤븐 D3,10,1,1.0,0
350058050,블랙헤븐 내부,D7,85,11,1.0,10626
350058150,블랙헤븐 내부,D7,85,10,1.0,9660
350058300,블랙헤븐 내부,D7,85,11,1.0,10626
350062110,블랙헤븐 내부,블랙헤븐 복도2,85,19,1.0,18354
350062130,블랙헤븐 내부,블랙헤븐 복도3,85,23,1.0,22218
350062150,블랙헤븐 내부,블랙헤븐 복도4,85,23,1.0,22218
350123400,히어로즈 오브 메이플,다리 위,150,25,10.0,0
350123500,히어로즈 오브 메이플,다리 위,150,25,10.0,0
350131400,히어로즈 오브 메이플,전시장 1,150,25,10.0,0
350131500,히어로즈 오브 메이플,전시장 2,150,25,10.0,0
350131600,히어로즈 오브 메이플,전시장 3,150,25,10.0,0
350132200,히어로즈 오브 메이플,아브락사스,150,21,10.0,0
400010100,판테온 동쪽지역,판테온 동쪽 평원,13,28,2.0,1792
400010300,판테온 동쪽지역,판테온 동쪽 숲,24,35,2.0,3990
400010400,판테온 동쪽지역,마력이 가득찬 숲,41,23,2.0,7130
400010501,판테온 동쪽지역,수상한 아지트 내부1,27,24,1.8,2808
400010502,판테온 동쪽지역,수상한 아지트 내부2,28,28,1.8,3376
400010503,판테온 동쪽지역,수상한 아지트 내부3,29,30,1.8,3726
400020100,판테온 서쪽지역,판테온 서쪽 평원,13,46,2.0,2944
400030100,판테온 남쪽지역,판테온 남쪽 평원,20,46,2.0,4416
400030300,판테온 남쪽지역,오렌지 톤 숲,15,33,2.0,2508
400030400,판테온 남쪽지역,마력이 반발하는 숲,40,23,2.0,6854
400030500,판테온 남쪽지역,반짝이는 돌 숲,22,25,2.0,2550
400030601,판테온 남쪽지역,변절자의 기지1,39,35,1.8,9324
400030602,판테온 남쪽지역,변절자의 기지2,40,38,1.8,10738
400030603,판테온 남쪽지역,변절자의 기지3,41,30,1.8,8748
400040100,판테온 북쪽지역,판테온 북쪽 평원,21,36,2.0,3528
400040300,판테온 북쪽지역,세나로비 서식지,23,26,2.0,2808
401010000,뒤틀린 숲,맹견의 숲,95,32,1.6,93132
401010010,뒤틀린 숲,선택의 숲,96,23,1.6,68889
401010100,뒤틀린 숲,블루스피의 목초지,95,18,2.2,72032
401010200,뒤틀린 숲,레드스피의 목초지,96,25,1.6,74880
401020000,금단의 숲,뒤틀린 숲 경계,97,14,1.4,37730
401020200,금단의 숲,옐로스피의 목초지,98,23,2.0,90988
401020400,금단의 숲,공존의 숲,98,15,2.0,60054
401030000,이름없는 숲,언덕으로 가는 길,96,28,2.0,104832
401030200,이름없는 숲,포식의 숲,99,17,2.0,68986
401030300,이름없는 숲,스펙터 광산지대,97,22,2.0,84700
401030400,이름없는 숲,사육의 숲,97,22,2.0,85176
401030500,이름없는 숲,스펙터 정찰기지,101,32,2.2,152627
401040100,헬리시움 도심,도심지 용맹의 길,96,36,1.8,121305
401040200,헬리시움 도심,도심지 의지의 길,97,31,1.6,95480
401040300,헬리시움 도심,헬리시움 도심 중앙,101,30,1.8,117072
401040400,헬리시움 도심,도심지 서쪽 경계,103,28,2.0,130200
401040500,헬리시움 도심,도심지 서쪽 길,102,30,2.0,134220
401040600,헬리시움 도심,도심지 동쪽 경계,101,35,2.0,151760
401040700,헬리시움 도심,도심지 동쪽 길,97,37,2.2,158809
401040800,헬리시움 도심,폭군의 성채로 가는 길,102,37,2.0,169234
401050100,폭군의 성채,폭군의 성채 2층 로비,104,18,1.6,69580
401050200,폭군의 성채,폭군의 성채 1층 로비,104,12,1.0,28992
401050201,폭군의 성채,폭군의 성채 1층 복도,105,10,1.0,24880
401051000,회한의 공방,공방 1층 1구역,104,15,1.8,66398
401051001,회한의 공방,공방 1층 2구역,115,11,1.8,67537
401051002,회한의 공방,공방 1층 3구역,106,13,1.8,60348
401051100,회한의 공방,공방 2층 1구역,106,10,1.8,46422
401051101,회한의 공방,공방 2층 2구역,107,12,2.0,64128
401051102,회한의 공방,공방 2층 3구역,106,12,1.8,56878
401052000,광기의 실험실,실험실 지하 1층 3구역,106,10,1.9,49001
401052001,광기의 실험실,실험실 지하 1층 2구역,115,11,1.7,63785
401052002,광기의 실험실,실험실 지하 1층 1구역,104,26,1.8,114494
401052100,광기의 실험실,실험실 지하 2층 1구역,106,14,1.8,64990
401052101,광기의 실험실,실험실 지하 2층 2구역,107,14,1.7,63593
401052102,광기의 실험실,실험실 지하 2층 3구역,106,12,1.8,56710
401053000,폭군의 성채,폭군의 성채 3층 로비,105,23,1.7,97280
401053001,폭군의 성채,폭군의 성채 3층 복도,115,13,1.7,75383
402000124,쓰레기장,위험한 쓰레기장1,175,19,2.4,1102288
402000125,쓰레기장,위험한 쓰레기장2,175,21,2.4,1238076
402000126,쓰레기장,위험한 쓰레기장3,176,15,2.4,894924
402000210,암시장,암시장 으슥한 곳,21,22,1.8,1465
402000220,암시장,뉴트리아의 시궁창 1,18,26,2.0,1664
402000221,암시장,뉴트리아의 시궁창 2,33,31,2.2,5865
402000222,암시장,위험한 암시장 골목1,178,26,2.0,1360268
402000223,암시장,위험한 암시장 골목2,178,26,2.0,1380008
402000224,암시장,위험한 암시장 골목3,179,27,2.0,1450656
402000310,파이트 클럽,들개들의 싸움터 1,30,33,2.799999,6652
402000311,파이트 클럽,들개들의 싸움터 2,37,36,2.999999,11123
402000312,파이트클럽,위험한 파이트클럽1,181,33,2.4,2280960
402000313,파이트클럽,위험한 파이트클럽2,181,30,2.4,2118420
402000314,파이트클럽,위험한 파이트클럽3,182,30,2.4,2163240
402000320,폐건물,Mr.해저드의 구역 1,40,17,1.8,3519
402000321,폐건물,Mr.해저드의 구역 2,40,25,2.0,5966
402000322,폐건물,Mr.해저드의 구역 3,42,21,2.0,5208
402000451,오염된 하수구,위험한 구루거 서식지 1,183,24,1.3,976591
402000452,오염된 하수구,위험한 구루거 서식지 2,183,28,1.3,1162434
402000453,오염된 하수구,위험한 구루거 서식지 3,184,32,1.3,1354870
402000502,아쉴롬,마을 외곽,24,20,1.0,240
402000503,아쉴롬,광장 윗길,27,23,1.8,2070
402000504,아쉴롬,광장 아랫길,27,30,1.8,2700
402000506,아쉴롬,번쩍이는 숲 서쪽2,25,19,2.0,1672
402000507,아쉴롬,번쩍이는 숲 서쪽1,25,26,1.7,1944
402000508,아쉴롬,번쩍이는 숲 동쪽1,26,30,1.8,2538
402000509,아쉴롬,번쩍이는 숲 동쪽2,26,22,1.6,1654
402000510,아쉴롬,번쩍이는 숲 입구,25,22,1.5,1452
402000511,아쉴롬,마을 옆길,9,22,2.3,758
402000512,아쉴롬,아카데미아 옆길,9,13,2.0,390
402000513,아쉴롬,크리스탈 숲 입구,9,13,2.0,390
402000514,아쉴롬,크리스탈 숲 서쪽1,21,10,2.0,740
402000515,아쉴롬,크리스탈 숲 서쪽2,21,13,1.0,481
402000516,아쉴롬,크리스탈 숲 서쪽3,21,13,2.3,1106
402000517,아쉴롬,크리스탈 숲 동쪽1,17,61,1.5,2745
402000518,아쉴롬,크리스탈 숲 동쪽2,17,62,1.0,1860
402000519,아쉴롬,크리스탈 숲 동쪽3,17,50,2.5,3750
402000531,크리스탈 아카데미아,훈련실 안쪽,14,25,2.0,1200
402000534,크리스탈 아카데미아,빈 강의실 안쪽,20,21,1.9,1396
402000535,크리스탈 아카데미아,강의실 안쪽,23,20,1.9,1520
402000610,피난처 주변,피난처 남쪽 1,10,17,1.8,520
402000611,피난처 주변,피난처 남쪽 2,12,16,2.0,672
402000612,피난처 주변,피난처 남쪽 3,14,20,1.8,864
402000613,피난처 주변,피난처 남쪽 4,16,19,2.0,1064
402000616,피난처 주변,피난처 북쪽 1,18,22,1.0,704
402000617,피난처 주변,피난처 북쪽 2,18,23,2.0,1538
402000618,피난처 주변,피난처 북쪽 3,20,21,2.0,1470
402000621,모래폭풍지대,모래폭풍지대 1,22,22,1.0,858
402000622,모래폭풍지대,모래폭풍지대 2,24,20,1.0,840
402000631,사막동굴,사막동굴 1,26,19,2.0,1786
402000632,사막동굴,사막동굴 2,27,21,2.2,2316
402000633,사막동굴,사막동굴 3,28,24,2.0,2544
402000634,사막동굴,사막동굴 4,27,20,1.8,1800
402000641,폐기지 잔해,폐기지 서쪽 1,30,22,1.0,1584
402000642,폐기지 잔해,폐기지 서쪽 2,31,22,1.0,1694
402000643,폐기지 잔해,폐기지 서쪽 3,32,22,1.0,1804
402000645,폐기지 잔해,폐기지 동쪽 1,27,22,1.0,1100
402000646,폐기지 잔해,폐기지 동쪽 2,29,22,1.0,1375
402000647,폐기지 잔해,폐기지 동쪽 3,30,22,1.0,1584
410000010,여우고개,달그림자 언덕1,13,30,2.0,1380
410000011,여우고개,달그림자 언덕2,13,30,2.0,1406
410000012,여우고개,달그림자 언덕3,14,24,2.0,1152
410000020,여우고개,눈물바위 언덕1,16,24,2.0,1344
410000021,여우고개,눈물바위 언덕2,17,30,2.0,1840
410000022,여우고개,눈물바위 언덕3,18,35,2.0,2240
410000030,여우고개,뭉우리 계곡1,20,24,2.0,1680
410000031,여우고개,뭉우리 계곡2,20,25,2.0,1750
410000040,여우고개,아루마루 계곡1,22,26,2.0,2028
410000041,여우고개,아루마루 계곡2,24,26,2.0,2184
410000050,여우고개,꼬두람이 계곡1,26,26,2.0,2444
410000051,여우고개,꼬두람이 계곡2,28,30,2.0,3180
410000101,뾰족귀 여우마을,여우나무 중턱1,196,45,1.4,3692933
410000102,뾰족귀 여우마을,여우나무 중턱2,196,59,1.4,4911922
410000103,뾰족귀 여우마을,여우나무 중턱3,197,56,1.4,4730969
410000111,뾰족귀 여우골짜기,여우숲 윗길,191,34,2.5,4267255
410000112,뾰족귀 여우골짜기,여우숲 윗길2,191,41,2.3,4806247
410000113,뾰족귀 여우골짜기,여우숲 윗길3,192,41,2.4,5102335
410000114,뾰족귀 여우골짜기,여우숲 사잇길,193,43,2.2,5062992
410000115,뾰족귀 여우골짜기,여우숲 아랫길,194,36,2.2,4371998
410000116,뾰족귀 여우골짜기,여우숲 아랫길2,194,35,2.5,4898175
410000117,뾰족귀 여우골짜기,여우숲 아랫길3,195,32,2.5,4552160
410000121,구름 너머,수호령의 산책로,198,29,1.5,2738389
410000122,구름 너머,수호령의 산책로2,198,37,1.7,4004310
410000123,구름 너머,수호령의 산책로3,199,39,1.8,4527577
410000210,청운골,어수선한 항아리 터 1,12,20,1.9,798
410000211,청운골,어수선한 항아리 터 2,13,20,1.9,902
410000212,청운골,어수선한 항아리 터 3,15,20,1.9,988
410000213,청운골,위험한 항아리 터,27,20,1.9,1900
410000220,청운골,수상한 박 밭 1,18,20,1.9,1216
410000221,청운골,수상한 박 밭 2,21,20,1.9,1406
410000222,청운골,수상한 박 밭 3,24,20,1.9,1596
410000240,미남 법사의 사원,사원 내부 1,24,24,1.9,1915
410000241,미남 법사의 사원,사원 내부 2,24,24,1.9,1915
410000242,미남 법사의 사원,사원 내부 3,30,24,1.9,3283
410000243,미남 법사의 사원,사원 내부 4,30,24,1.9,3283
410000311,리스토니아,으슥한 골목 1,10,56,1.8,1713
410000312,리스토니아,으슥한 골목 2,10,64,2.0,2176
410000313,리스토니아,으슥한 골목 3,10,54,2.0,1836
410000321,리스토니아,예술의 거리 1,13,68,2.0,3128
410000322,리스토니아,예술의 거리 2,13,58,2.0,2668
410000323,리스토니아,예술의 거리 3,15,59,2.0,3294
410000324,리스토니아,예술의 거리 4,19,53,2.0,3498
410000325,리스토니아,예술의 거리 5,19,47,2.0,3102
410000331,리스토니아,지하 통로 1,21,23,1.0,851
410000332,리스토니아,지하 통로 2,21,28,1.0,1036
410000333,리스토니아,지하 통로 3,21,28,1.0,1036
410000355,리스토니아,비극의 성벽 1,30,28,1.0,2016
410000356,리스토니아,비극의 성벽 2,30,28,1.0,2016
410000357,리스토니아,비극의 성벽 3,30,28,1.0,2016
410000404,툴렌시티,2층 창고1,20,20,1.0,700
410000405,툴렌시티,2층 창고2,23,20,2.0,1640
410000406,툴렌시티,2층 창고3,26,20,2.0,1880
410000410,툴렌시티,4층 창고1,30,14,2.0,2016
410000411,툴렌시티,4층 창고2,30,16,2.0,2304
410000412,툴렌시티,4층 창고3,30,19,2.0,2736
410000416,툴렌시티,동쪽 1구역,10,22,2.0,748
410000417,툴렌시티,동쪽 2구역,11,26,2.0,1028
410000418,툴렌시티,동쪽 3구역,13,18,2.0,828
410000420,툴렌시티,서쪽 1구역,27,17,2.0,1700
410000421,툴렌시티,서쪽 2구역,27,26,2.0,2672
410000422,툴렌시티,서쪽 3구역,28,26,2.0,2756
410000520,세르니움,해변 암석 지대 1,260,22,2.1,79716298
410000530,세르니움,해변 암석 지대 2,260,34,2.7,158397319
410000540,세르니움,해변 암석 지대 3,260,38,2.3,150805291
410000550,세르니움,해변 암석 지대 4,260,38,1.9,124578284
410000590,세르니움,세르니움 서쪽 성벽 1,261,22,2.6,100116588
410000600,세르니움,세르니움 서쪽 성벽 2,261,33,2.7,155950839
410000610,세르니움,세르니움 서쪽 성벽 3,261,38,2.2,146324244
410000640,세르니움,세르니움 동쪽 성벽 1,262,23,2.299998,93905829
410000650,세르니움,세르니움 동쪽 성벽 2,262,33,2.499998,146450500
410000660,세르니움,세르니움 동쪽 성벽 3,262,37,2.199998,144497811
410000700,세르니움,왕립 도서관 제1구역,263,22,2.6,102971611
410000710,세르니움,왕립 도서관 제2구역,263,33,2.999999,178220037
410000720,세르니움,왕립 도서관 제3구역,263,38,2.4,164178513
410000730,세르니움,왕립 도서관 제4구역,264,25,2.3,105133517
410000740,세르니움,왕립 도서관 제5구역,264,33,2.5,150843742
410000750,세르니움,왕립 도서관 제6구역,264,38,2.3,159802946
410000840,불타는 세르니움,불타는 왕립 도서관 제1구역,268,23,2.7,133241511
410000850,불타는 세르니움,불타는 왕립 도서관 제2구역,268,33,2.5,177011670
410000860,불타는 세르니움,불타는 왕립 도서관 제3구역,268,38,2.3,187525090
410000870,불타는 세르니움,불타는 왕립 도서관 제4구역,269,22,2.6,124368472
410000880,불타는 세르니움,불타는 왕립 도서관 제5구역,269,32,2.899999,201772557
410000890,불타는 세르니움,불타는 왕립 도서관 제6구역,269,38,2.2,181769306
410000920,불타는 세르니움,격전의 서쪽 성벽 1,265,22,2.599998,117658822
410000930,불타는 세르니움,격전의 서쪽 성벽 2,265,33,2.699998,183276247
410000940,불타는 세르니움,격전의 서쪽 성벽 3,265,38,2.299998,179779371
410000950,불타는 세르니움,격전의 서쪽 성벽 4,265,38,2.299998,179779371
410000980,불타는 세르니움,격전의 동쪽 성벽 1,266,23,2.499998,119899996
410000990,불타는 세르니움,격전의 동쪽 성벽 2,266,33,3.099998,213317766
410001000,불타는 세르니움,격전의 동쪽 성벽 3,266,39,2.399998,195176335
410001010,불타는 세르니움,격전의 동쪽 성벽 4,267,22,2.599998,120896225
410001020,불타는 세르니움,격전의 동쪽 성벽 5,267,33,2.399998,167394762
410001030,불타는 세르니움,격전의 동쪽 성벽 6,267,40,2.199998,185994166
410003040,호텔 아르크스,무법자들이 지배하는 황야1,270,21,2.0,95522112
410003050,호텔 아르크스,무법자들이 지배하는 황야2,270,32,2.6,189224755
410003060,호텔 아르크스,무법자들이 지배하는 황야3,270,38,2.7,233346873
410003070,호텔 아르크스,무법자들이 지배하는 황야4,270,38,2.799999,241989263
410003090,호텔 아르크스,낭만이 저무는 자동차 극장1,271,21,2.1,105057136
410003100,호텔 아르크스,낭만이 저무는 자동차 극장2,271,33,2.2,172951204
410003110,호텔 아르크스,낭만이 저무는 자동차 극장3,271,39,2.2,204396878
410003120,호텔 아르크스,낭만이 저무는 자동차 극장4,272,22,2.2,116801590
410003130,호텔 아르크스,낭만이 저무는 자동차 극장5,272,33,2.7,215021109
410003140,호텔 아르크스,낭만이 저무는 자동차 극장6,272,38,2.1,192577828
410003150,호텔 아르크스,종착지 없는 횡단열차1,273,23,2.3,134691282
410003160,호텔 아르크스,종착지 없는 횡단열차2,273,33,3.099999,260470958
410003170,호텔 아르크스,종착지 없는 횡단열차3,273,38,2.3,222533422
410003180,호텔 아르크스,종착지 없는 횡단열차4,274,23,2.3,136635727
410003190,호텔 아르크스,종착지 없는 횡단열차5,274,32,2.799999,231428294
410003200,호텔 아르크스,종착지 없는 횡단열차6,274,38,2.2,215930941
410004004,나린,고즈넉한 뒷골목 1,28,21,1.9,2114
410004005,나린,고즈넉한 뒷골목 2,29,16,1.9,1702
410004006,나린,고즈넉한 뒷골목 3,28,22,1.9,2215
410004007,나린,고즈넉한 뒷골목 4,29,20,1.9,2128
410004011,나린,햇살이 기댄 언덕 3,20,30,1.9,1995
410004012,나린,햇살이 기댄 언덕 2,15,33,1.9,1681
410004013,나린,햇살이 기댄 언덕 1,10,28,1.9,904
410004014,나린,바람꽃마루 동산 1,13,24,1.9,1048
410004015,나린,바람꽃마루 동산 2,20,23,1.9,1597
410004016,나린,바람꽃마루 동산 3,26,23,1.9,2053
450001010,망각의 호수,풍화된 기쁨의 땅,200,26,2.1,5389456
450001011,망각의 호수,풍화된 기쁨과 분노의 땅,200,28,2.0,5602716
450001012,망각의 호수,풍화된 분노의 땅,201,26,2.1,5535839
450001013,망각의 호수,풍화된 분노와 슬픔의 땅,201,25,1.8,4621084
450001014,망각의 호수,풍화된 슬픔의 땅,202,26,2.2,5954577
450001015,망각의 호수,풍화된 슬픔과 즐거움의 땅,202,26,1.8,4942688
450001016,망각의 호수,풍화된 즐거움의 땅,203,26,1.8,5013450
450001110,소멸의 화염지대,암석의 영토,204,29,2.0,6373388
450001111,소멸의 화염지대,암석과 화염의 영토,204,26,1.7,4918310
450001112,소멸의 화염지대,화염의 영토,205,26,1.4,4100896
450001113,소멸의 화염지대,화염과 영혼의 영토,205,28,1.7,5424768
450001114,소멸의 화염지대,영혼의 영토,206,26,1.8,5403996
450001210,안식의 동굴,세 갈래길1,207,15,1.8,3202146
450001211,안식의 동굴,동굴의 서쪽길1,207,13,1.8,2775193
450001212,안식의 동굴,동굴의 서쪽길2,207,13,1.8,2775193
450001213,안식의 동굴,동굴의 동쪽길1,207,13,1.8,2775193
450001214,안식의 동굴,동굴의 동쪽길2,207,13,1.8,2775193
450001215,안식의 동굴,세 갈래길2,207,13,1.8,2775193
450001216,안식의 동굴,동굴 아래쪽,207,13,1.8,2775193
450001217,안식의 동굴,동굴 위쪽,207,13,1.8,2775193
450001218,안식의 동굴,동굴의 깊숙한 곳,207,13,1.8,2775193
450001230,안식의 동굴,아르마의 은신처,209,26,1.6,5171795
450001260,망각의 호수,숨겨진 호숫가,209,37,2.3,17633060
450001261,소멸의 화염지대,숨겨진 화염지대,209,26,2.599999,14006985
450001262,안식의 동굴,숨겨진 동굴,209,29,1.8,10816048
450001400,니나의 에르다 조사,망각의 땅 어딘가,200,14,1.5,0
450001500,니나의 에르다 조사,안식의 땅 어딘가,200,16,1.5,0
450002001,오색동산,동산 입구,210,34,2.6,21923465
450002002,오색동산,알록달록 숲지대1,211,32,2.6,21105593
450002003,오색동산,알록달록 숲지대2,210,33,3.099999,25370698
450002004,오색동산,알록달록 숲지대3,210,26,1.8,11739218
450002005,오색동산,오색동산 깊은 곳,211,31,2.3,18086884
450002006,츄릅 포레스트,길쭉 동글숲1,212,24,2.1,13251546
450002007,츄릅 포레스트,길쭉 동글숲2,212,29,1.9,14492778
450002008,츄릅 포레스트,몽땅 동글숲1,212,25,2.4,15768736
450002009,츄릅 포레스트,몽땅 동글숲2,212,31,2.899999,23595406
450002010,츄릅 포레스트,츄릅포레스트 깊은 곳,213,25,2.7,17942040
450002011,에르밸리,츄츄빌리지 입구,214,27,1.5,11242879
450002012,에르밸리,격류지대 1,215,28,1.5,11668944
450002013,에르밸리,격류지대 2,215,29,1.5,12099003
450002014,에르밸리,격류지대 3,215,28,1.5,11805801
450002015,에르밸리,폭포 아래,215,28,1.5,11805801
450002016,하늘고래산,고래산 초입,217,39,1.0,11336481
450002017,하늘고래산,고래산 중턱1,217,37,1.0,10971278
450002018,하늘고래산,고래산 중턱2,218,38,1.0,11272814
450002019,하늘고래산,고래산 정상,219,30,1.0,9101820
450002020,하늘고래산,거대한 꼬리,219,32,1.0,9708608
450002300,츄릅 포레스트,숨겨진 츄릅 포레스트,229,25,2.5,25154125
450002301,에르밸리,숨겨진 격류지대,229,26,1.5,15696174
450002302,하늘고래산,숨겨진 고래산,229,28,1.0,11269048
450003200,레헬른 뒷골목,무법자들의 거리1,220,40,2.4,29709120
450003210,레헬른 뒷골목,무법자들의 거리2,220,44,2.5,34349770
450003220,레헬른 뒷골목,무법자들의 거리3,221,43,2.5,34003970
450003300,레헬른 야시장,닭이 뛰노는 곳1,221,40,2.5,31631600
450003310,레헬른 야시장,닭이 뛰노는 곳2,222,23,2.2,16317133
450003320,레헬른 야시장,닭이 뛰노는 곳3,221,40,2.899999,37049749
450003340,레헬른 야시장,우승 접시의 거리1,222,31,2.899999,28990312
450003350,레헬른 야시장,우승 접시의 거리2,223,28,2.899999,26748651
450003360,야시장,숨겨진 접시의 거리,229,28,1.9,21411191
450003400,레헬른 무도회장,본색을 드러내는 곳1,223,41,2.4,32414632
450003410,레헬른 무도회장,본색을 드러내는 곳2,224,27,2.5,22658062
450003420,레헬른 무도회장,본색을 드러내는 곳3,223,28,2.4,22377129
450003440,레헬른 무도회장,춤추는 구두 점령지1,224,32,2.2,23631520
450003450,레헬른 무도회장,춤추는 구두 점령지2,225,31,2.5,26560800
450003460,레헬른 무도회장,숨겨진 춤추는 구두 점령지,229,30,1.8,21733164
450003500,레헬른 시계탑,악몽의 시계탑1층,226,26,1.6,14553177
450003510,레헬른 시계탑,악몽의 시계탑2층,226,28,1.6,15672652
450003520,레헬른 시계탑,악몽의 시계탑3층,227,29,1.6,16528422
450003530,레헬른 시계탑,악몽의 시계탑4층,228,33,1.4,16790466
450003540,레헬른 시계탑,악몽의 시계탑5층,227,27,1.6,15550124
450003560,시계탑,숨겨진 악몽의 시계탑,229,27,1.6,17386531
450005110,아르카나,물의 숲,230,38,2.3,34379751
450005120,아르카나,햇살의 숲,231,39,2.3,35974633
450005121,아르카나,물과 햇살의 숲,230,35,2.7,37525769
450005130,아르카나,흙의 숲,232,31,2.4,30413083
450005131,아르카나,햇살과 흙의 숲,231,40,2.4,38909054
450005210,아르카나,서리구름의 숲,233,26,1.5,16212378
450005220,아르카나,번개구름의 숲,234,31,1.7,22320663
450005221,아르카나,서리와 번개의 숲 1,233,24,1.5,15106392
450005222,아르카나,서리와 번개의 숲 2,233,23,1.7,16387228
450005230,아르카나,맹독의 숲,235,30,2.0,25887540
450005240,아르카나,폭발의 숲,236,27,2.0,23727708
450005241,아르카나,맹독과 폭발의 숲 1,235,30,2.0,26125830
450005242,아르카나,맹독과 폭발의 숲 2,235,31,2.2,29722572
450005410,아르카나,동굴 윗길,237,29,1.5,19422967
450005411,아르카나,동굴 윗길 깊은 곳 1,237,45,1.3,26382460
450005412,아르카나,동굴 윗길 깊은 곳 2,238,42,1.3,24819194
450005420,아르카나,동굴 윗길 깊디 깊은 곳,238,38,1.6,27870944
450005430,아르카나,동굴 아랫길,237,25,1.6,17860200
450005431,아르카나,동굴 아랫길 깊은 곳 1,238,30,1.6,21846064
450005432,아르카나,동굴 아랫길 깊은 곳 2,239,28,1.6,20727616
450005440,아르카나,동굴 아랫길 깊디 깊은 곳,238,31,2.0,28426148
450005500,아르카나,다섯 갈래 동굴,238,36,1.6,26390400
450005510,아르카나,다섯 갈래 동굴 윗길,239,38,1.6,28365171
450005520,아르카나,다섯 갈래 동굴 사잇길,239,40,1.6,29858761
450005530,아르카나,다섯 갈래 동굴 아랫길,240,21,1.8,17797147
450005550,아르카나,정령의 나무 밑 동굴,240,24,2.0,22599552
450006010,모라스,산호 숲으로 가는 길2,236,79,1.6,55540412
450006020,모라스,산호 숲으로 가는 길3,236,65,2.0,57122260
450006030,모라스,산호 숲으로 가는 길4,236,79,2.2,76368067
450006110,모라스,도둑고양이 출몰지,237,53,1.9,44963053
450006120,모라스,도둑고양이 출몰지2,237,50,2.5,55813125
450006140,모라스,형님들 구역,238,53,1.8,43365405
450006150,모라스,형님들 구역2,238,39,2.1,37228791
450006160,모라스,형님들 구역3,238,48,1.6,34910515
450006210,모라스,그림자가 춤추는 곳2,239,49,2.5,56677075
450006220,모라스,그림자가 춤추는 곳3,239,46,2.5,53777830
450006230,모라스,그림자가 춤추는 곳4,240,49,2.2,50754827
450006300,모라스,폐쇄구역,241,32,1.8,27971366
450006310,모라스,폐쇄구역2,241,43,1.5,31322103
450006320,모라스,폐쇄구역3,241,45,2.2,48075786
450006410,모라스,그날의 트뤼에페2,242,28,1.8,25045511
450006420,모라스,그날의 트뤼에페3,243,37,0.7,13089025
450006430,모라스,그날의 트뤼에페4,244,32,0.7,11548834
450007010,에스페라,생명이 시작되는 곳2,240,39,2.1,38560485
450007020,에스페라,생명이 시작되는 곳3,240,44,2.1,44249553
450007030,에스페라,생명이 시작되는 곳4,241,40,2.4,46618944
450007050,에스페라,생명이 시작되는 곳5,242,38,2.3,43176124
450007060,에스페라,생명이 시작되는 곳6,242,38,2.2,41626921
450007070,에스페라,생명이 시작되는 곳7,243,40,2.0,40116880
450007110,에스페라,거울빛에 물든 바다2,244,27,2.2,30291861
450007120,에스페라,거울빛에 물든 바다3,244,33,2.2,37324240
450007130,에스페라,거울빛에 물든 바다4,245,35,2.5,45369712
450007140,에스페라,거울빛에 물든 바다5,246,44,2.6,60300926
450007150,에스페라,거울빛에 물든 바다6,246,39,2.6,53875512
450007160,에스페라,거울빛에 물든 바다7,247,45,2.6,62682633
450007210,에스페라,거울에 비친 빛의 신전2,248,38,2.3,47585716
450007220,에스페라,거울에 비친 빛의 신전3,248,41,2.3,51765495
450007230,에스페라,거울에 비친 빛의 신전4,249,38,2.3,48351165
450009110,문브릿지,사상의 경계1,250,41,2.0,47954174
450009120,문브릿지,사상의 경계2,251,34,2.799999,56552587
450009130,문브릿지,사상의 경계3,250,36,2.5,53094280
450009140,문브릿지,사상의 경계4,250,38,2.4,53334398
450009150,문브릿지,사상의 경계5,251,36,1.9,40632336
450009160,문브릿지,사상의 경계6,250,39,2.799999,64326244
450009210,문브릿지,미지의 안개1,252,35,1.8,38009034
450009220,문브릿지,미지의 안개2,253,33,2.599999,52564749
450009230,문브릿지,미지의 안개3,252,37,2.2,49520385
450009240,문브릿지,미지의 안개4,252,37,1.9,42413255
450009250,문브릿지,미지의 안개5,253,38,2.599999,60529105
450009260,문브릿지,미지의 안개6,252,36,2.1,45963325
450009310,문브릿지,공허의 파도1,254,35,2.4,52251444
450009320,문브릿지,공허의 파도2,254,39,2.0,48519198
450009330,문브릿지,공허의 파도3,254,34,2.7,57103363
450009340,문브릿지,공허의 파도4,254,33,2.1,43107441
450009350,문브릿지,공허의 파도5,254,33,2.1,43107441
450009360,문브릿지,공허의 파도6,254,34,2.1,44413727
450011400,테네브리스,고통의 미궁 내부3,255,33,2.5,52095285
450011410,테네브리스,고통의 미궁 내부2,255,28,2.3,40665895
450011420,테네브리스,고통의 미궁 내부1,255,30,2.9,54936846
450011430,테네브리스,고통의 미궁 내부4,256,28,2.5,44867970
450011440,테네브리스,고통의 미궁 내부5,256,30,2.4,46149912
450011450,테네브리스,고통의 미궁 내부6,256,30,2.5,48072825
450011510,테네브리스,고통의 미궁 중심부1,257,32,2.599999,54121911
450011520,테네브리스,고통의 미궁 중심부2,257,29,2.7,50934463
450011530,테네브리스,고통의 미궁 중심부3,257,38,2.899999,71685516
450011540,테네브리스,고통의 미궁 중심부4,258,37,2.7,66059973
450011550,테네브리스,고통의 미궁 중심부5,258,33,3.199999,69829139
450011560,테네브리스,고통의 미궁 중심부6,258,37,2.899999,70953280
450011570,테네브리스,고통의 미궁 중심부7,258,29,2.6,49859079
450011600,테네브리스,고통의 미궁 최심부1,259,34,2.599999,59311073
450011610,테네브리스,고통의 미궁 최심부2,259,33,2.5,55352550
450011620,테네브리스,고통의 미궁 최심부3,259,38,2.1,53541012
450011630,테네브리스,고통의 미궁 최심부4,259,33,2.1,46496142
450011640,테네브리스,고통의 미궁 최심부5,259,35,2.999999,70448676
450011650,테네브리스,고통의 미궁 최심부6,259,31,2.5,51997850
450012020,리멘,세계의 눈물 하단1,260,35,1.8,42880194
450012030,리멘,세계의 눈물 하단2,260,34,1.7,39673872
450012040,리멘,세계의 눈물 하단3,261,32,1.9,41978265
450012100,리멘,세계의 눈물 중단1,261,33,1.9,43290086
450012110,리멘,세계의 눈물 중단2,261,32,1.8,40069069
450012120,리멘,세계의 눈물 중단3,262,30,1.4,29410163
450012130,리멘,세계의 눈물 중단4,262,30,1.4,35292180
450012310,리멘,세계가 끝나는 곳 1-2,239,25,2.0,0
450012320,리멘,세계가 끝나는 곳 1-3,235,30,2.999999,0
450012330,리멘,세계가 끝나는 곳 1-4,262,32,3.099999,69463983
450012340,리멘,세계가 끝나는 곳 1-5,262,31,2.999999,65655950
450012350,리멘,세계가 끝나는 곳 1-6,263,35,2.4,59650164
450012360,리멘,세계가 끝나는 곳 1-7,263,35,2.4,71580180
450012400,리멘,세계가 끝나는 곳 2-1,235,14,2.999999,0
450012410,리멘,세계가 끝나는 곳 2-2,229,21,1.0,0
450012420,리멘,세계가 끝나는 곳 2-3,263,32,2.999999,68171593
450012430,리멘,세계가 끝나는 곳 2-4,263,33,2.799999,66238212
450012440,리멘,세계가 끝나는 곳 2-5,264,33,3.999998,95204556
450012450,리멘,세계가 끝나는 곳 2-6,264,33,3.999998,114245414
450014020,리버스 시티,지하선로1,205,28,1.9,5993618
450014030,리버스 시티,지하선로2,205,30,2.1,7097706
450014040,리버스 시티,지하선로3,205,31,1.9,6635791
450014060,리버스 시티,지하선로4,205,28,1.9,5993618
450014070,리버스 시티,지하선로5,205,30,2.2,7435692
450014080,리버스 시티,지하선로6,205,26,2.0,5858424
450014100,리버스 시티,T-boy의 연구열차1,206,28,1.9,6143004
450014110,리버스 시티,T-boy의 연구열차2,206,34,2.1,8244558
450014120,리버스 시티,T-boy의 연구열차3,206,28,1.9,6143004
450014140,리버스 시티,지하열차1,207,31,1.9,6985422
450014150,리버스 시티,지하열차2,207,31,1.9,7055940
450014160,리버스 시티,지하열차3,208,28,2.2,7481504
450014170,리버스 시티,지상열차1,207,31,2.3,8456037
450014180,리버스 시티,지상열차2,207,31,1.9,7072214
450014190,리버스 시티,지상열차3,208,28,1.9,6461299
450014210,리버스 시티,M타워2,209,42,1.9,9920895
450014220,리버스 시티,M타워3,209,49,1.9,11574378
450014230,리버스 시티,M타워4,209,45,1.9,10629531
450014300,리버스 시티,숨겨진 연구열차,210,34,1.9,16020993
450014310,리버스 시티,숨겨진 지하열차,211,31,1.9,15098777
450014320,리버스 시티,숨겨진 M타워,213,55,1.9,27776936
450015030,얌얌 아일랜드,머쉬버드 숲1,215,24,1.9,12683092
450015040,얌얌 아일랜드,머쉬버드 숲2,215,25,1.9,13346189
450015050,얌얌 아일랜드,머쉬버드 숲3,216,25,2.0,14202150
450015070,얌얌 아일랜드,머쉬버드 숲4,215,25,1.9,13211555
450015080,얌얌 아일랜드,머쉬버드 숲5,215,23,1.9,12300484
450015090,얌얌 아일랜드,머쉬버드 숲6,216,26,1.9,14031724
450015110,얌얌 아일랜드,일리야드 들판1,217,26,1.9,14359542
450015120,얌얌 아일랜드,일리야드 들판2,217,28,1.9,15634381
450015130,얌얌 아일랜드,일리야드 들판3,218,26,1.9,14654658
450015150,얌얌 아일랜드,일리야드 들판4,217,25,1.9,13807252
450015160,얌얌 아일랜드,일리야드 들판5,217,22,1.9,12263888
450015170,얌얌 아일랜드,일리야드 들판6,218,21,1.9,11836454
450015200,얌얌 아일랜드,펑고스 숲1,219,29,2.0,17596852
450015210,얌얌 아일랜드,펑고스 숲2,219,31,2.0,18810428
450015220,얌얌 아일랜드,펑고스 숲3,219,28,2.0,16990064
450015240,얌얌 아일랜드,펑고스 숲4,219,32,2.0,19417216
450015250,얌얌 아일랜드,펑고스 숲5,219,29,2.0,17596852
450015260,얌얌 아일랜드,펑고스 숲6,219,29,2.0,17596852
450015280,얌얌 아일랜드,숨겨진 머쉬버드 숲,220,29,2.1,18846723
450015290,얌얌 아일랜드,숨겨진 일리야드 들판,220,27,2.1,17546949
450015300,얌얌 아일랜드,숨겨진 펑고스 숲,220,29,2.0,17949260
450016010,셀라스,빛이 마지막으로 닿는 곳 1,245,25,2.6,33703215
450016020,셀라스,빛이 마지막으로 닿는 곳 2,245,33,3.099999,53043658
450016030,셀라스,빛이 마지막으로 닿는 곳 3,245,39,2.5,50554822
450016040,셀라스,빛이 마지막으로 닿는 곳 4,246,26,2.799999,38373303
450016050,셀라스,빛이 마지막으로 닿는 곳 5,246,33,3.099999,53922926
450016060,셀라스,빛이 마지막으로 닿는 곳 6,246,40,2.5,52710600
450016070,셀라스,빛이 마지막으로 닿는 곳 7,247,26,2.3,32037790
450016080,셀라스,빛이 마지막으로 닿는 곳 8,247,32,2.7,46288713
450016090,셀라스,빛이 마지막으로 닿는 곳 9,247,40,2.7,57860892
450016110,셀라스,끝없이 추락하는 심해 1,248,26,2.899999,41052194
450016120,셀라스,끝없이 추락하는 심해 2,248,33,2.1,37731008
450016130,셀라스,끝없이 추락하는 심해 3,248,38,2.6,53792549
450016140,셀라스,끝없이 추락하는 심해 4,249,26,3.399999,48904368
450016150,셀라스,끝없이 추락하는 심해 5,249,33,2.7,49291634
450016160,셀라스,끝없이 추락하는 심해 6,249,40,1.8,39831624
450016210,셀라스,별이 삼켜진 심해 1,250,25,2.799999,40936475
450016220,셀라스,별이 삼켜진 심해 2,250,33,2.5,48246577
450016230,셀라스,별이 삼켜진 심해 3,250,39,2.4,54737935
450016240,셀라스,별이 삼켜진 심해 4,251,25,2.3,34157300
450016250,셀라스,별이 삼켜진 심해 5,251,32,2.7,51325056
450016260,셀라스,별이 삼켜진 심해 6,251,40,2.6,61780160
680000400,웨딩빌리지,웨딩파크,10,50,4.999996,4249
